"State","fips_cty","county_name","N_tracts","N_Zip","ovarea3","ovpct3","arearank3","rankpct_tractflood3","Rankscenario3","ovarea6","ovpct6","arearank6","rankpct_tractflood6","Rankscenario6","Cty_emp","empz","empzw3","rank_emp3","summeremp3","empzw6","rank_emp6","summeremp6","commercial_engagement","commercial_reliance","recreational_engagement","recreational_reliance","meanfishscore","rankfish","fishrank","pop15","ppct3","popw3","rankp3","ppct6","popw6","rankp6","houseu","hpct3","housew3","rankh3","hpct6","housew6","rankh6","sumhouse","seashw3","summerhouse3","seashw6","summerhouse6","sovich3","sovi3","sovich6","sovi6","Oceanemp_tot","oceanpct","Ocean_rank","totalroad3","floodroad3","pctroad3","road3kmrank","road3pctrank","roadrankmean3","totalroad6","floodroad6","pctroad6","road6kmrank","road6pctrank","roadrankmean6","totalrail3","floodrail3","pctrail3","rail3kmrank","rail3pctrank","railrankmean3","totalrail6","floodrail6","pctrail6","rail6kmrank","rail6pctrank","railrankmean6","rr3rank","rr_rank3mean","rr6rank","rr_rank6mean","Total_infra","Rankscore3","rank_infraflood3","Rankscore6","rank_infraflood6"
"Delaware","10000","State Summary","127","35","629,498,708.0","31.8 %","2.0","36.3","22.3","756,475,240.0","38.2 %","24.7","36.3","42.7","429,370","232,007.9","45,954.2","12.3","37.7","63,975.2","15.0","36.7","1.04","1.04","1.13","1.26","1.118","","22.7","509,581","10.0 %","51,154.5","43.3","12.9 %","65,694.2","42.3","241,799","14.8 %","35,811.8","42.7","19.4 %","46,984.7","40.3","32,806","18,711.3","25.7","23,085","81.0","","28.0","","62.0","24,411","10.5 %","30.0","220.70","6.00","2.7 %","26.5","32.0","29.3","220.70","9.70","4.4 %","58.0","32.5","30.8","59.9","17.10","28.5 %","12.5","4.5","8.50","172.90","34.60","20.0 %","19.0","24.0","21.5","26.7","18.9","36.7","30.8","208","88.1","24.7","34.6","21.3"
"Delaware","10001","Kent","23","7","242,260,556.7","39.0 %","1.0","25.0","47.0","285,966,938.6","46.0 %","23.0","27.0","63.0","65,987","43,437.3","11,158.9","15.0","40.0","12,853.0","20.0","39.0","1.00","1.07","1.00","1.22","1.074","27.0","14.0","115,771","6.1 %","7,045.7","55.0","7.6 %","8,772.4","54.0","46,247","6.8 %","3,148.5","55.0","8.5 %","3,908.3","54.0","955","337.5","26.0","362","25.0","258.93","21.0","246.50","62.0","5,277","8.0 %","29.0","","","","","","","","","","","","","","","","","","","","","","","","","46.0","","47.0","","73","33.4","33.0","40.4","34.0"
"Delaware","10003","New Castle","77","15","135,216,842.3","22.3 %","2.0","49.0","12.0","158,612,130.8","26.1 %","30.0","50.0","34.0","286,566","146,381.4","20,351.2","8.0","13.0","33,033.0","9.0","12.0","1.04","1.00","1.00","1.08","1.031","34.0","16.0","306,913","7.6 %","23,308.7","53.0","9.8 %","29,949.6","52.0","123,346","7.2 %","8,849.0","54.0","9.4 %","11,566.0","52.0","735","74.6","8.0","101","10.0","-185.76","48.0","-187.18","63.0","10,159","3.5 %","46.0","220.71","6.01","2.7 %","11.0","22.0","16.5","220.71","9.65","4.4 %","16.0","23.0","19.5","53.9","15.01","27.9 %","5.0","6.0","5.50","129.08","31.22","24.2 %","8.0","15.0","11.5","5.0","11.0","21.0","19.5","68","28.2","31.0","31.8","21.0"
"Delaware","10005","Sussex","27","13","252,021,309.4","33.6 %","3.0","35.0","8.0","311,896,169.5","41.6 %","21.0","32.0","31.0","76,817","42,189.2","14,444.1","14.0","60.0","18,089.2","16.0","59.0","1.09","1.04","1.39","1.48","1.250","19.0","38.0","86,897","23.9 %","20,800.1","22.0","31.0 %","26,972.2","21.0","72,206","33.0 %","23,814.3","19.0","43.6 %","31,510.4","15.0","31,116","18,299.2","43.0","22,621","46.0","587.04","15.0","648.46","61.0","8,975","11.7 %","15.0","","","","42.0","42.0","42.0","","","","42.0","42.0","42.0","6.0","2.14","35.6 %","20.0","3.0","11.50","43.78","3.37","7.7 %","30.0","33.0","31.5","29.0","26.8","42.0","42.0","67","26.5","10.0","31.6","9.0"
"Maryland","24000","State Summary","1,108","210","8,680,767,736.0","36.4 %","11.5","37.0","27.0","9,748,593,723.0","40.8 %","16.6","39.1","47.1","1,653,101","906,749.2","76,561.5","39.6","33.5","94,304.2","41.1","32.3","0.66","0.64","1.21","1.32","0.957","","18.1","4,521,064","10.7 %","484,585.5","31.6","12.3 %","554,303.2","33.3","1,987,710","12.9 %","256,179.7","31.1","15.1 %","299,607.8","32.8","90,398","61,525.7","37.4","69,327","581.0","","30.4","","52.5","87,097","9.6 %","27.6","768.60","40.60","5.3 %","31.9","30.6","31.3","867.00","44.20","5.1 %","367.0","32.7","33.0","171.1","5.10","3.0 %","37.8","38.0","37.91","237.80","11.50","4.8 %","40.4","40.6","40.5","36.5","34.6","33.2","33.0","1,173","486.6","20.4","34.6","22.4"
"Maryland","24003","Anne Arundel","208","36","329,820,436.3","17.7 %","4.0","55.0","20.0","370,295,580.0","19.8 %","16.0","56.0","36.0","267,653","260,229.4","19,217.7","10.0","21.0","21,887.9","15.0","17.0","0.69","0.69","1.13","1.03","0.883","55.0","11.0","1,110,560","11.6 %","128,671.3","46.0","13.0 %","144,233.6","47.0","435,090","11.8 %","51,232.9","46.0","13.1 %","56,840.2","47.0","5,940","2,345.4","34.0","2,654","32.0","-266.70","54.0","-297.62","60.0","27,839","10.4 %","20.0","269.76","0.54","0.2 %","31.0","33.0","32.0","269.76","0.61","0.2 %","31.0","33.0","32.0","13.5","0.38","2.8 %","36.0","38.0","37.00","13.49","0.42","3.1 %","41.0","44.0","42.5","39.0","34.5","32.0","32.0","346","29.6","15.0","32.0","18.0"
"Maryland","24005","Baltimore","127","14","391,370,436.5","52.9 %","5.0","14.0","17.0","415,351,713.9","56.2 %","11.0","18.0","42.0","373,523","65,299.7","7,359.8","26.0","15.0","9,334.4","28.0","13.0","0.79","0.79","1.00","1.00","0.894","54.0","13.0","457,654","13.5 %","61,766.0","40.0","15.9 %","72,565.2","42.0","192,004","13.5 %","25,986.3","41.0","15.9 %","30,580.8","42.0","1,088","551.5","40.0","606","39.0","9.82","28.0","-20.39","51.0","6,224","1.7 %","54.0","370.02","15.97","4.3 %","4.0","18.0","11.0","399.03","19.26","4.8 %","6.0","22.0","14.0","30.1","1.49","5.0 %","23.0","29.0","26.00","52.15","5.87","11.2 %","24.0","27.0","25.5","17.0","18.5","13.0","14.0","44","28.8","14.0","33.1","16.0"
"Maryland","24009","Calvert","36","13","217,725,277.1","18.5 %","7.0","54.0","24.0","232,667,858.4","19.8 %","25.0","57.0","53.0","24,142","22,636.2","3,540.3","37.0","30.0","3,904.6","42.0","29.0","0.43","0.43","1.86","1.43","1.036","32.0","21.0","180,228","16.9 %","30,477.3","31.0","18.2 %","32,757.4","37.0","68,768","17.7 %","12,195.0","30.0","19.1 %","13,109.3","36.0","2,670","984.1","28.0","1,054","28.0","-144.56","43.0","-152.94","56.0","2,576","10.7 %","19.0","","","","","","","","","","","","","","","","","","","","","","","","","","","","","92","29.9","30.0","35.3","35.0"
"Maryland","24015","Cecil","26","13","375,080,171.1","24.7 %","8.0","46.0","7.0","388,824,730.6","25.6 %","14.0","52.0","37.0","31,667","26,757.8","1,600.7","48.0","34.0","1,814.8","48.0","31.0","0.67","0.67","1.33","1.33","1.000","38.0","7.0","146,094","16.7 %","24,420.9","33.0","17.9 %","26,167.3","38.0","62,648","17.2 %","10,804.3","31.0","18.4 %","11,539.6","37.0","4,016","1,554.4","32.0","1,611","29.0","46.91","27.0","47.09","50.0","3,923","12.4 %","13.0","7.25","4.83","66.6 %","14.0","1.0","7.5","65.02","4.85","7.5 %","19.0","16.0","17.5","43.6","1.50","3.4 %","22.0","35.0","28.50","58.22","1.71","2.9 %","35.0","45.0","40.0","16.0","18.0","19.0","17.5","102","26.4","23.0","32.2","25.0"
"Maryland","24017","Charles","60","20","291,436,407.3","15.9 %","9.0","60.0","56.0","319,245,892.2","17.4 %","20.0","62.0","61.0","42,920","41,796.3","580.5","53.0","7.0","689.6","54.0","7.0","0.42","0.42","1.00","1.25","0.771","57.0","12.0","305,508","4.8 %","14,658.8","56.0","5.2 %","15,889.9","56.0","114,312","5.2 %","5,963.8","56.0","5.7 %","6,465.3","56.0","1,112","355.5","24.0","390","23.0","7.36","29.0","-4.55","52.0","1,691","4.1 %","42.0","","","","","","","","","","","","","","","","","","","","","","","","","45.0","","36.0","","131","35.1","27.0","39.3","28.0"
"Maryland","24019","Dorchester","13","10","2,388,821,303.5","76.3 %","10.0","1.0","18.0","2,625,201,871.5","83.9 %","1.0","2.0","49.0","11,202","6,914.8","3,668.1","36.0","57.0","4,737.4","36.0","57.0","0.57","0.57","1.14","1.64","0.982","53.0","15.0","46,329","33.8 %","15,681.7","12.0","38.8 %","17,998.8","14.0","23,992","37.8 %","9,058.9","12.0","43.1 %","10,344.5","16.0","2,072","1,900.7","63.0","1,911","58.0","283.00","20.0","340.33","49.0","1,596","14.2 %","8.0","","","","50.0","50.0","50.0","","","","50.0","50.0","50.0","12.5","0.01","0.1 %","46.0","47.0","46.50","12.51","0.02","0.1 %","49.0","49.0","49.0","50.0","48.3","50.0","50.0","5","29.4","21.0","34.6","23.0"
"Maryland","24025","Harford","58","9","409,498,436.1","40.4 %","11.0","23.0","29.0","414,795,460.0","41.0 %","12.0","34.0","46.0","91,428","46,073.4","2,727.7","41.0","27.0","3,264.1","44.0","25.0","0.80","0.80","1.33","1.27","1.050","31.0","9.0","257,975","9.9 %","25,598.4","48.0","10.9 %","28,102.7","51.0","104,468","10.4 %","10,897.2","48.0","11.4 %","11,926.5","51.0","308","76.1","20.0","81","18.0","-166.77","45.0","-194.08","58.0","7,748","8.5 %","26.0","5.01","1.97","39.3 %","21.0","2.0","11.5","5.01","1.97","39.3 %","26.0","1.0","13.5","30.0","1.44","4.8 %","24.0","31.0","27.50","36.54","1.96","5.4 %","34.0","38.0","36.0","19.0","19.5","12.0","13.5","47","30.5","22.0","34.3","24.0"
"Maryland","24029","Kent","6","6","284,723,736.7","22.1 %","12.0","50.0","36.0","321,981,971.8","25.0 %","19.0","53.0","58.0","7,901","1,239.2","164.2","60.0","47.0","195.0","60.0","46.0","0.82","0.82","1.09","1.55","1.068","28.0","27.0","20,526","23.8 %","4,888.4","23.0","27.0 %","5,543.7","23.0","12,634","25.8 %","3,257.3","23.0","29.3 %","3,704.9","24.0","3,160","1,290.5","36.0","1,470","34.0","1,334.67","5.0","1,333.00","45.0","867","11.0 %","17.0","","","","47.0","47.0","47.0","","","","47.0","47.0","47.0","2.8","0.07","2.4 %","43.0","40.0","41.50","2.76","0.08","2.8 %","47.0","46.0","46.5","46.0","44.3","47.0","47.0","37","31.3","29.0","36.6","33.0"
"Maryland","24033","Prince Georges","58","4","71,669,325.1","17.1 %","13.0","57.0","59.0","77,712,895.6","18.5 %","43.0","60.0","62.0","312,033","20,298.2","504.3","54.0","20.0","736.4","53.0","16.0","0.97","0.97","1.00","1.00","0.987","52.0","25.0","234,384","7.2 %","16,885.5","54.0","7.6 %","17,751.8","55.0","91,860","7.6 %","6,940.3","53.0","7.9 %","7,274.8","55.0","828","314.1","30.0","323","26.0","-182.56","47.0","-189.00","59.0","","","61.0","116.60","17.31","14.8 %","3.0","5.0","4.0","128.25","17.52","13.7 %","7.0","10.0","8.5","4.2","0.15","3.6 %","39.0","34.0","36.50","10.69","0.49","4.5 %","39.0","41.0","40.0","20.0","20.3","8.0","8.5","7","38.2","18.0","39.4","22.0"
"Maryland","24035","Queen Annes","18","5","335,864,511.1","24.2 %","14.0","47.0","33.0","378,484,821.4","27.2 %","15.0","48.0","59.0","14,748","13,263.9","2,995.1","39.0","55.0","4,061.6","41.0","54.0","0.62","0.62","1.08","1.08","0.846","56.0","2.0","75,402","33.2 %","25,024.5","13.0","38.7 %","29,180.3","15.0","32,526","33.9 %","11,031.1","18.0","39.5 %","12,863.4","18.0","3,310","2,044.1","44.0","2,382","45.0","-104.38","38.0","-89.13","55.0","2,450","16.6 %","6.0","","","","51.0","51.0","51.0","","","","51.0","51.0","51.0","","","","49.0","50.0","49.50","13.68","0.01","0.1 %","50.0","50.0","50.0","51.0","50.3","51.0","51.0","49","30.6","40.0","36.7","45.0"
"Maryland","24037","St. Marys","34","26","507,049,492.3","24.1 %","16.0","48.0","5.0","563,874,648.8","26.7 %","8.0","49.0","40.0","43,340","43,051.4","4,123.4","34.0","44.0","4,712.7","37.0","42.0","0.50","0.50","1.00","1.00","0.750","58.0","1.0","219,228","15.4 %","33,725.8","34.0","17.0 %","37,333.6","40.0","85,524","15.7 %","13,427.4","34.0","17.3 %","14,829.3","39.0","2,892","1,172.8","35.0","1,302","33.0","-156.07","44.0","-156.64","57.0","3,269","48.9 %","1.0","","","","","","","","","","","","","","","","","","","","","","","","","","","","","64","25.8","5.0","32.4","10.0"
"Maryland","24039","Somerset","12","8","1,406,216,720.6","64.3 %","15.0","6.0","11.0","1,626,911,743.8","74.4 %","2.0","5.0","48.0","6,683","120.5","68.8","62.0","36.0","83.4","62.0","38.0","0.09","0.09","1.09","1.45","0.682","59.0","5.0","38,612","48.5 %","18,741.8","4.0","56.5 %","21,815.5","6.0","16,858","64.5 %","10,878.4","1.0","74.2 %","12,513.9","2.0","2,680","2,207.2","57.0","2,346","54.0","814.50","11.0","808.83","46.0","","","59.0","","","","38.0","38.0","38.0","","","","38.0","38.0","38.0","0.6","0.04","7.1 %","45.0","24.0","34.50","3.32","0.53","15.9 %","38.0","24.0","31.0","40.0","36.3","38.0","38.0","31","27.9","4.0","34.6","6.0"
"Maryland","24041","Talbot","18","12","490,714,217.2","35.6 %","17.0","32.0","13.0","606,675,228.2","44.0 %","7.0","29.0","51.0","19,353","18,102.3","3,185.7","38.0","54.0","4,222.5","40.0","55.0","0.33","0.33","1.50","1.83","1.000","39.0","22.0","66,604","21.7 %","14,457.4","26.0","27.0 %","17,952.8","24.0","36,430","25.1 %","9,154.3","24.0","31.4 %","11,453.1","23.0","4,084","2,778.4","48.0","3,379","51.0","718.25","12.0","712.88","47.0","2,443","12.6 %","11.0","","","","","","","","","","","","","","","","","","","","","","","","","","","","","25","28.3","20.0","34.8","27.0"
"Maryland","24045","Wicomico","2","5","229,898,497.4","36.6 %","18.0","31.0","45.0","294,480,801.0","46.9 %","22.0","26.0","56.0","45,006","664.6","78.2","61.0","22.0","114.9","61.0","20.0","0.89","0.89","1.11","1.33","1.056","29.0","20.0","14,014","36.6 %","5,128.6","9.0","46.9 %","6,569.3","10.0","5,644","36.6 %","2,065.5","14.0","46.9 %","2,645.7","13.0","132","72.5","42.0","93","43.0","-9.00","30.0","-10.00","53.0","","","62.0","","","","44.0","44.0","44.0","","","","44.0","44.0","44.0","3.0","0.01","0.3 %","47.0","44.0","45.50","3.63","0.22","6.1 %","43.0","36.0","39.5","47.0","44.8","44.0","44.0","6","33.1","24.0","36.1","19.0"
"Maryland","24047","Worcester","32","10","893,544,550.6","29.4 %","19.0","40.0","19.0","1,050,057,240.6","34.6 %","5.0","41.0","28.0","24,308","23,356.6","7,994.9","23.0","58.0","11,718.1","22.0","58.0","1.25","1.08","1.50","1.58","1.354","12.0","36.0","103,038","31.5 %","32,417.7","16.0","42.8 %","44,128.3","13.0","111,498","50.5 %","56,334.1","6.0","66.5 %","74,166.2","4.0","53,288","43,531.8","56.0","49,345","59.0","486.00","16.0","502.88","48.0","7,258","29.9 %","3.0","","","","48.0","48.0","48.0","","","","48.0","48.0","48.0","30.8","0.07","0.2 %","42.0","46.0","44.00","30.94","0.19","0.6 %","44.0","47.0","45.5","48.0","46.0","48.0","48.0","171","29.4","32.0","31.2","26.0"
"Maryland","24510","Baltimore (city)","400","19","57,334,218.1","38.1 %","6.0","28.0","40.0","62,031,264.3","41.2 %","46.0","33.0","27.0","337,194","316,944.9","18,752.1","11.0","9.0","22,826.8","14.0","8.0","","","","","","","63.0","1,244,908","2.6 %","32,041.4","60.0","2.9 %","36,313.0","62.0","593,454","2.9 %","16,952.9","60.0","3.3 %","19,350.3","61.0","2,818","346.6","9.0","379","9.0","-102.57","37.0","-150.24","54.0","19,213","5.7 %","39.0","","","","","","","","","","","","","","","","","","","","","","","","","","","","","16","32.3","3.0","31.1","2.0"
"New Jersey","34000","State Summary","715","173","2,005,039,203.0","42.0 %","27.0","34.4","30.7","2,354,888,078.0","49.3 %","40.3","32.0","33.5","3,080,218","1,014,346.5","192,098.9","22.2","35.8","301,354.7","22.8","36.2","1.07","1.03","1.24","1.21","1.137","","31.2","2,780,718","15.8 %","438,870.6","33.2","20.8 %","579,052.4","31.7","1,253,729","21.3 %","267,621.4","32.0","28.1 %","352,497.1","30.7","116,093","92,415.7","33.3","102,749","519.0","","30.8","","37.0","121,360","12.0 %","39.5","1,151.20","52.10","4.5 %","24.3","25.9","25.1","3,033.00","146.90","4.8 %","333.0","25.0","23.6","770.0","160.70","20.9 %","13.9","14.9","14.43","1,184.30","502.00","42.4 %","14.0","12.1","13.0","18.6","19.8","23.7","23.6","252","459.8","29.9","31.6","28.2"
"New Jersey","34001","Atlantic","56","17","354,570,359.9","47.4 %","20.0","16.0","2.0","402,214,693.9","53.7 %","13.0","21.0","10.0","124,840","98,775.2","53,706.5","1.0","50.0","65,954.3","2.0","50.0","1.18","1.00","1.64","1.55","1.341","14.0","29.0","209,363","32.0 %","66,957.8","15.0","45.4 %","95,149.6","12.0","100,629","39.3 %","39,584.2","11.0","55.9 %","56,260.7","8.0","14,936","12,686.1","61.0","14,472","62.0","472.48","17.0","507.37","33.0","11,524","9.2 %","24.0","","","","35.0","35.0","35.0","","","","35.0","35.0","35.0","22.3","3.92","17.6 %","11.0","11.0","11.00","22.36","10.64","47.6 %","18.0","7.0","12.5","24.0","23.0","35.0","35.0","27","24.0","8.0","25.7","5.0"
"New Jersey","34003","Bergen","15","5","17,321,361.1","33.9 %","21.0","34.0","35.0","17,750,731.4","34.7 %","59.0","40.0","22.0","444,086","30,208.3","9,020.9","20.0","42.0","9,345.6","27.0","35.0","1.00","1.00","1.00","1.00","1.000","40.0","34.0","64,496","20.4 %","13,156.0","27.0","21.5 %","13,871.3","30.0","29,410","20.8 %","6,125.3","27.0","22.1 %","6,493.2","31.0","275","79.9","23.0","87","19.0","-326.14","57.0","-359.29","42.0","13,147","3.0 %","48.0","163.11","11.33","6.9 %","8.0","13.0","10.5","327.78","39.17","11.9 %","2.0","11.0","6.5","100.4","18.73","18.7 %","4.0","9.0","6.50","94.18","52.57","55.8 %","4.0","5.0","4.5","3.0","8.5","4.0","6.5","","31.2","","29.5",""
"New Jersey","34005","Burlington","30","7","18,347,590.8","15.1 %","22.0","62.0","48.0","26,957,185.3","22.2 %","55.0","55.0","50.0","200,809","40,700.2","5,051.3","30.0","31.0","7,582.2","31.0","30.0","1.00","1.00","1.00","1.04","1.009","36.0","8.0","112,529","13.2 %","14,874.1","41.0","20.6 %","23,198.7","32.0","45,178","14.1 %","6,360.3","37.0","22.5 %","10,171.8","29.0","132","26.7","15.0","54","31.0","-135.58","41.0","-90.63","41.0","6,441","3.2 %","47.0","106.99","1.78","1.7 %","22.0","26.0","24.0","106.99","2.08","1.9 %","24.0","26.0","25.0","33.1","0.87","2.6 %","29.0","39.0","34.00","53.17","12.71","23.9 %","15.0","16.0","15.5","34.0","29.0","27.0","25.0","5","33.4","50.0","34.7","44.0"
"New Jersey","34007","Camden","29","5","11,211,841.4","25.5 %","23.0","44.0","26.0","17,060,020.7","38.8 %","60.0","36.0","35.0","201,214","31,543.4","7,399.6","25.0","38.0","11,544.4","23.0","44.0","1.00","1.00","1.00","1.00","1.000","41.0","10.0","112,615","12.3 %","13,821.9","42.0","19.7 %","22,220.4","34.0","44,126","12.6 %","5,546.1","43.0","20.5 %","9,066.8","34.0","77","16.1","17.0","26","22.0","161.69","24.0","223.38","36.0","2,924","1.5 %","56.0","50.37","5.23","10.4 %","12.0","9.0","10.5","50.37","11.49","22.8 %","13.0","3.0","8.0","58.2","7.78","13.4 %","7.0","14.0","10.50","77.20","23.31","30.2 %","10.0","12.0","11.0","4.0","10.5","6.0","8.0","8","30.1","42.0","31.9","32.0"
"New Jersey","34009","Cape May","32","15","349,514,134.3","46.4 %","24.0","19.0","4.0","422,735,190.4","56.1 %","10.0","19.0","6.0","40,684","40,366.2","18,748.6","12.0","63.0","24,012.0","12.0","63.0","1.38","1.25","2.31","2.00","1.734","5.0","57.0","95,805","42.5 %","40,742.0","6.0","58.1 %","55,654.0","3.0","98,747","52.6 %","51,891.8","4.0","73.2 %","72,313.3","3.0","50,119","41,367.1","58.0","47,793","61.0","845.07","10.0","882.27","31.0","9,812","24.1 %","4.0","","","","43.0","43.0","43.0","","","","43.0","43.0","43.0","37.8","3.39","9.0 %","15.0","20.0","17.50","116.40","8.81","7.6 %","19.0","34.0","26.5","35.0","30.3","43.0","43.0","54","25.1","2.0","24.6","1.0"
"New Jersey","34011","Cumberland","8","13","288,749,845.8","36.9 %","25.0","30.0","34.0","331,156,543.5","42.3 %","18.0","31.0","57.0","59,099","13,532.9","2,704.8","42.0","41.0","3,088.9","45.0","41.0","1.08","1.00","1.46","1.62","1.288","16.0","28.0","26,595","29.6 %","7,883.7","18.0","33.8 %","8,986.5","20.0","8,688","39.4 %","3,423.7","10.0","44.9 %","3,903.7","14.0","367","303.2","59.0","326","56.0","1,369.83","3.0","1,374.83","30.0","2,112","3.6 %","45.0","","","","37.0","37.0","37.0","","","","37.0","37.0","37.0","22.0","3.16","14.4 %","16.0","13.0","14.50","22.02","4.47","20.3 %","28.0","22.0","25.0","28.0","25.8","37.0","37.0","4","30.8","34.0","36.3","39.0"
"New Jersey","34013","Essex","87","9","5,206,726.0","15.8 %","26.0","61.0","49.0","12,900,488.3","39.2 %","62.0","35.0","32.0","336,420","122,792.0","9,068.0","19.0","6.0","23,663.4","13.0","5.0","1.00","1.00","1.00","1.00","1.000","42.0","37.0","279,793","1.5 %","4,117.3","62.0","3.0 %","8,464.9","61.0","110,243","1.1 %","1,220.4","62.0","2.3 %","2,511.7","62.0","177","2.0","4.0","3","4.0","-95.40","35.0","-23.00","38.0","7,151","2.1 %","51.0","48.72","3.31","6.8 %","17.0","14.0","15.5","138.13","20.50","14.8 %","5.0","7.0","6.0","12.5","3.75","30.1 %","13.0","5.0","9.00","114.48","65.78","57.5 %","2.0","4.0","3.0","7.0","12.3","3.0","6.0","10","33.5","52.0","31.6","47.0"
"New Jersey","34015","Gloucester","10","7","64,488,641.3","40.0 %","27.0","24.0","10.0","80,796,776.4","50.1 %","42.0","23.0","25.0","105,074","31,452.1","8,539.3","21.0","43.0","10,797.6","26.0","40.0","1.00","1.00","1.00","1.00","1.000","43.0","4.0","45,647","29.6 %","13,525.4","19.0","37.6 %","17,162.9","16.0","19,416","29.6 %","5,742.0","22.0","37.5 %","7,283.0","21.0","14","11.2","54.0","12","53.0","254.10","22.0","254.60","35.0","2,136","2.0 %","52.0","84.18","0.75","0.9 %","29.0","29.0","29.0","144.41","9.82","6.8 %","15.0","18.0","16.5","68.6","22.95","33.5 %","3.0","4.0","3.50","60.78","36.96","60.8 %","6.0","3.0","4.5","11.0","16.3","16.0","16.5","23","27.3","25.0","31.0","20.0"
"New Jersey","34017","Hudson","143","14","51,660,508.0","47.0 %","28.0","17.0","22.0","67,565,516.1","61.4 %","45.0","13.0","14.0","252,557","194,540.9","21,323.1","7.0","17.0","65,169.1","3.0","23.0","1.00","1.00","1.08","1.00","1.021","35.0","40.0","573,216","11.9 %","68,430.2","44.0","15.2 %","87,394.0","44.0","240,424","13.1 %","31,507.5","42.0","16.6 %","39,859.8","40.0","1,315","595.6","38.0","704","37.0","-328.62","58.0","-333.91","43.0","18,485","7.3 %","33.0","179.78","22.18","12.3 %","2.0","8.0","5.0","681.98","43.65","6.4 %","1.0","19.0","10.0","231.2","40.93","17.7 %","1.0","10.0","5.50","335.90","164.97","49.1 %","1.0","6.0","3.5","1.0","5.3","10.0","10.0","12","29.7","17.0","27.8","17.0"
"New Jersey","34021","Mercer","25","3","1,395,251.4","25.2 %","29.0","45.0","63.0","1,416,785.9","25.6 %","63.0","51.0","60.0","245,383","9,033.1","482.8","55.0","1.0","495.8","56.0","1.0","","","","","","","62.0","84,632","3.6 %","3,038.8","58.0","3.6 %","3,086.1","60.0","34,694","4.1 %","1,439.7","57.0","4.2 %","1,461.7","60.0","41","10.1","19.0","10","16.0","100.00","25.0","-24.50","37.0","","","","60.78","1.23","2.0 %","24.0","25.0","24.5","60.78","1.32","2.2 %","29.0","25.0","27.0","13.0","0.38","3.0 %","37.0","37.0","37.00","14.70","3.45","23.5 %","29.0","17.0","23.0","36.0","30.8","29.0","27.0","6","39.8","45.0","38.4","48.0"
"New Jersey","34023","Middlesex","67","14","44,557,103.9","27.4 %","30.0","42.0","30.0","53,651,578.0","33.0 %","48.0","44.0","43.0","413,524","98,164.6","7,658.1","24.0","26.0","10,845.1","25.0","28.0","1.00","1.00","1.03","1.00","1.007","37.0","24.0","300,147","11.8 %","35,498.7","45.0","14.1 %","42,457.1","45.0","108,058","12.5 %","13,527.8","44.0","14.7 %","15,926.8","45.0","546","104.0","12.0","119","13.0","-131.00","40.0","-140.29","40.0","8,802","2.1 %","50.0","323.74","2.29","0.7 %","19.0","31.0","25.0","323.74","3.33","1.0 %","20.0","30.0","25.0","42.4","7.44","17.5 %","8.0","12.0","10.00","89.82","23.61","26.3 %","9.0","14.0","11.5","14.0","17.5","26.0","25.0","30","30.5","26.0","33.4","29.0"
"New Jersey","34025","Monmouth","79","31","135,973,342.8","38.6 %","31.0","27.0","50.0","154,629,266.4","43.9 %","33.0","30.0","52.0","256,634","133,531.5","10,744.2","16.0","49.0","15,188.4","18.0","51.0","1.11","1.04","1.49","1.42","1.263","17.0","41.0","316,673","17.5 %","55,471.4","29.0","21.4 %","67,665.1","31.0","144,336","19.5 %","28,095.5","28.0","23.6 %","33,991.3","27.0","10,785","3,874.4","27.0","4,349","30.0","-100.65","36.0","-109.18","39.0","16,089","6.3 %","36.0","","","","41.0","41.0","41.0","","","","41.0","41.0","41.0","18.6","1.22","6.5 %","27.0","26.0","26.50","21.90","2.02","9.2 %","32.0","30.0","31.0","37.0","33.8","41.0","41.0","7","33.7","38.0","34.8","40.0"
"New Jersey","34029","Ocean","86","22","487,017,456.7","45.3 %","32.0","21.0","28.0","548,554,217.9","51.0 %","9.0","22.0","23.0","162,187","100,574.8","25,232.2","5.0","62.0","33,256.0","8.0","62.0","1.23","1.17","1.34","1.29","1.257","18.0","53.0","359,630","24.4 %","87,628.7","21.0","30.5 %","109,808.8","22.0","196,610","34.2 %","67,330.1","17.0","42.5 %","83,462.7","17.0","37,087","33,273.2","62.0","34,703","60.0","361.32","19.0","375.81","34.0","13,013","8.0 %","28.0","","","","34.0","34.0","34.0","","","","34.0","34.0","34.0","10.4","1.24","11.9 %","26.0","15.0","20.50","6.99","4.53","64.8 %","27.0","2.0","14.5","30.0","27.3","34.0","34.0","40","30.4","7.0","30.2","7.0"
"New Jersey","34033","Salem","12","6","167,859,252.2","50.5 %","33.0","15.0","1.0","203,401,765.9","61.1 %","26.0","14.0","18.0","20,660","14,612.7","7,265.6","27.0","56.0","9,145.7","29.0","56.0","1.00","1.00","1.00","1.00","1.000","44.0","6.0","30,496","34.5 %","10,524.6","10.0","52.2 %","15,909.9","8.0","13,323","35.3 %","4,706.7","15.0","52.9 %","7,046.6","10.0","102","64.0","45.0","83","50.0","680.00","14.0","775.92","32.0","1,381","6.7 %","35.0","36.91","1.58","4.3 %","23.0","19.0","21.0","36.91","2.73","7.4 %","22.0","17.0","19.5","75.5","40.05","53.0 %","2.0","2.0","2.00","79.40","56.36","71.0 %","3.0","1.0","2.0","6.0","11.5","22.0","19.5","16","23.3","19.0","28.3","13.0"
"New Jersey","34039","Union","36","5","7,165,787.6","16.5 %","34.0","59.0","58.0","14,097,319.9","32.5 %","61.0","46.0","55.0","217,047","54,518.6","5,153.9","29.0","12.0","11,266.2","24.0","14.0","1.00","1.00","1.00","1.00","1.000","45.0","35.0","169,081","1.9 %","3,200.0","61.0","4.7 %","8,023.1","57.0","59,847","1.9 %","1,120.3","61.0","4.6 %","2,744.0","59.0","120","2.1","5.0","7","5.0","-375.64","61.0","-330.27","44.0","8,343","3.8 %","44.0","96.57","2.47","2.6 %","18.0","24.0","21.0","1,161.88","12.81","1.1 %","12.0","29.0","20.5","24.0","4.97","20.7 %","10.0","7.0","8.50","74.93","31.76","42.4 %","7.0","8.0","7.5","9.0","14.8","23.0","20.5","10","37.0","53.0","35.9","53.0"
"New York","36000","State Summary","819","229","1,506,983,375.0","60.1 %","38.5","10.5","39.1","1,613,455,179.0","64.3 %","40.8","10.8","20.9","5,860,538","3,306,215.3","115,547.9","27.9","17.9","318,434.4","22.8","20.1","1.64","1.01","1.55","1.03","1.304","","45.1","3,489,081","13.4 %","466,930.7","37.5","16.2 %","566,663.5","37.6","1,525,908","15.0 %","228,602.3","38.1","17.9 %","272,452.9","38.8","70,094","35,751.9","23.1","38,488","172.0","","49.6","","24.8","307,310","9.3 %","41.3","420.30","49.10","11.7 %","20.3","18.6","19.4","639.00","74.90","11.7 %","166.0","19.5","20.1","326.4","19.90","6.1 %","22.0","24.5","23.25","638.10","79.20","12.4 %","20.1","26.8","23.4","20.6","21.4","19.8","20.1","211","259.6","23.4","27.8","23.4"
"New York","36005","Bronx","65","10","31,551,285.0","67.3 %","35.0","4.0","54.0","33,276,235.0","71.0 %","54.0","6.0","33.0","299,438","109,345.9","2,797.5","40.0","18.0","4,543.7","38.0","18.0","3.00","1.00","1.00","1.00","1.500","6.0","56.0","260,621","8.8 %","23,011.9","51.0","9.2 %","23,892.0","53.0","100,860","9.0 %","9,081.5","52.0","9.3 %","9,413.7","53.0","466","95.1","16.0","96","11.0","-73.08","33.0","-124.67","24.0","4,787","1.6 %","55.0","117.53","4.89","4.2 %","13.0","20.0","16.5","177.82","11.20","6.3 %","14.0","20.0","17.0","24.8","2.53","10.2 %","19.0","18.0","18.50","62.37","8.74","14.0 %","20.0","25.0","22.5","13.0","17.5","18.0","17.0","11","34.7","13.0","31.6","14.0"
"New York","36047","Kings","275","20","64,521,475.2","72.5 %","36.0","3.0","53.0","70,047,688.3","78.7 %","44.0","4.0","15.0","687,358","423,894.5","9,739.6","18.0","8.0","32,226.2","11.0","10.0","2.00","1.00","4.00","1.00","2.000","3.0","59.0","920,820","2.7 %","25,287.8","59.0","4.4 %","40,316.1","59.0","357,664","2.9 %","10,365.7","59.0","4.8 %","17,193.5","57.0","3,092","120.7","6.0","260","6.0","-292.84","56.0","-304.74","27.0","26,792","3.9 %","43.0","12.16","0.70","5.8 %","30.0","15.0","22.5","21.13","1.65","7.8 %","27.0","14.0","20.5","13.0","1.39","10.7 %","25.0","16.0","20.50","115.24","5.70","4.9 %","26.0","39.0","32.5","22.0","21.5","24.0","20.5","27","34.6","16.0","28.0","15.0"
"New York","36059","Nassau","29","34","181,475,302.7","63.6 %","37.0","7.0","21.0","202,022,207.3","70.8 %","27.0","7.0","9.0","622,087","189,982.1","27,356.3","4.0","33.0","52,744.7","6.0","36.0","1.03","1.01","1.12","1.04","1.050","30.0","47.0","133,565","41.6 %","55,592.6","8.0","56.8 %","75,929.1","4.0","55,251","43.8 %","24,172.7","8.0","59.1 %","32,676.7","7.0","2,179","1,740.0","53.0","1,959","57.0","-267.48","55.0","-259.44","26.0","16,097","2.6 %","49.0","","","","40.0","40.0","40.0","","","","40.0","40.0","40.0","25.3","2.67","10.6 %","18.0","17.0","17.50","64.09","7.01","10.9 %","21.0","29.0","25.0","33.0","28.8","40.0","40.0","38","29.6","6.0","25.4","4.0"
"New York","36061","New York","160","44","17,731,403.3","57.8 %","38.0","13.0","3.0","19,427,435.6","63.3 %","58.0","11.0","1.0","2,415,773","1,881,693.9","18,729.6","13.0","5.0","138,257.9","1.0","6.0","2.00","1.00","1.00","1.00","1.250","20.0","52.0","917,906","17.3 %","158,474.8","30.0","18.8 %","172,547.6","36.0","489,490","16.5 %","80,999.3","32.0","18.1 %","88,659.2","38.0","23,011","4,522.5","14.0","4,931","12.0","-443.29","63.0","-503.42","29.0","201,519","8.3 %","27.0","45.08","13.19","29.3 %","6.0","3.0","4.5","45.74","15.62","34.1 %","9.0","2.0","5.5","37.1","7.26","19.6 %","9.0","8.0","8.50","57.33","12.42","21.7 %","16.0","21.0","18.5","2.0","6.5","2.0","5.5","14","25.0","12.0","18.1","12.0"
"New York","36081","Queens","32","8","43,265,987.2","65.0 %","39.0","5.0","31.0","54,598,634.8","82.1 %","47.0","3.0","4.0","647,912","54,003.9","3,911.3","35.0","24.0","12,178.7","21.0","37.0","2.00","1.00","1.00","1.00","1.250","21.0","51.0","137,411","28.7 %","39,379.1","20.0","49.6 %","68,192.9","9.0","53,740","29.9 %","16,063.6","21.0","50.0 %","26,866.5","12.0","1,638","1,132.6","50.0","1,273","47.0","-63.00","32.0","-23.33","23.0","11,926","1.8 %","53.0","79.46","11.36","14.3 %","7.0","6.0","6.5","225.56","26.28","11.7 %","3.0","12.0","7.5","54.0","3.76","7.0 %","12.0","25.0","18.50","59.84","19.95","33.3 %","11.0","11.0","11.0","8.0","12.5","5.0","7.5","26","30.5","11.0","23.9","8.0"
"New York","36085","Richmond","105","13","36,973,144.4","37.8 %","40.0","29.0","46.0","44,583,867.6","45.5 %","52.0","28.0","13.0","115,173","113,340.5","8,125.6","22.0","11.0","14,115.6","19.0","11.0","1.00","1.00","2.00","1.00","1.250","22.0","50.0","464,204","9.2 %","42,748.9","50.0","11.8 %","54,738.2","49.0","173,854","9.2 %","15,976.2","50.0","11.8 %","20,455.1","50.0","724","52.4","7.0","73","7.0","-188.70","49.0","-199.74","25.0","8,558","7.4 %","32.0","61.75","4.38","7.1 %","15.0","12.0","13.5","64.59","5.52","8.5 %","17.0","13.0","15.0","15.2","0.60","3.9 %","34.0","33.0","33.50","20.61","3.33","16.1 %","31.0","23.0","27.0","25.0","23.5","14.0","15.0","4","33.3","37.0","27.0","36.0"
"New York","36103","Suffolk","41","74","1,045,812,945.1","59.9 %","41.0","11.0","44.0","1,100,377,238.4","63.0 %","4.0","12.0","45.0","650,509","326,921.5","42,691.3","47.0","25.0","59,892.0","47.0","24.0","1.06","1.04","1.25","1.16","1.131","26.0","3.0","165,034","43.3 %","71,395.5","35.0","46.1 %","76,088.8","41.0","105,775","47.7 %","50,407.2","36.0","51.0 %","53,973.8","44.0","37,673","27,761.1","18.0","29,561","15.0","225.88","50.0","214.55","16.0","32,817","5.0 %","14.0","","","","46.0","46.0","46.0","","","","46.0","46.0","46.0","127.2","0.71","0.6 %","31.0","43.0","37.00","144.70","6.86","4.7 %","22.0","40.0","31.0","44.0","41.5","46.0","46.0","88","32.9","57.0","33.8","57.0"
"New York","36119","Westchester","112","26","85,651,832.7","58.5 %","42.0","12.0","61.0","89,121,872.2","60.9 %","40.0","15.0","47.0","422,288","207,033.0","2,196.7","44.0","19.0","4,475.6","39.0","19.0","1.00","1.00","1.00","1.00","1.000","46.0","43.0","489,520","10.4 %","51,040.1","47.0","11.2 %","54,958.8","50.0","189,274","11.4 %","21,536.1","47.0","12.3 %","23,214.4","49.0","1,311","327.5","21.0","335","17.0","-351.22","59.0","-378.41","28.0","4,814","1.1 %","57.0","104.17","14.45","13.9 %","5.0","7.0","6.0","104.17","14.55","14.0 %","10.0","9.0","9.5","29.8","0.89","3.0 %","28.0","36.0","32.00","114.02","15.24","13.4 %","14.0","26.0","20.0","18.0","19.0","9.0","9.5","3","39.0","35.0","34.3","41.0"
"Pennsylvania","42000","State Summary","446","65","64,963,912.0","22.5 %","44.0","45.3","50.7","92,694,052.0","32.1 %","55.3","40.3","26.7","1,142,264","756,812.2","49,917.0","25.3","3.0","76,405.4","23.0","3.0","1.00","1.00","1.00","1.00","1.000","","37.0","1,790,553","1.6 %","28,939.0","56.3","2.1 %","38,171.5","56.3","766,710","1.7 %","13,087.5","56.7","2.3 %","17,254.6","56.3","98,340","1,795.9","2.0","2,321","6.0","","55.3","","20.0","40,006","5.3 %","52.0","532.70","11.30","2.1 %","19.3","24.7","22.0","841.70","20.60","2.4 %","56.0","25.3","22.0","190.6","12.60","6.6 %","17.3","27.7","22.50","322.00","67.70","21.0 %","18.3","27.0","22.7","22.3","22.3","22.7","22.0","109","105.0","40.0","30.3","37.0"
"Pennsylvania","42017","Bucks","37","8","21,505,359.1","18.9 %","43.0","52.0","62.0","26,537,174.0","23.3 %","56.0","54.0","44.0","259,721","76,054.6","5,345.7","28.0","2.0","6,646.6","32.0","2.0","","","","","","","61.0","159,507","3.7 %","5,962.4","57.0","4.5 %","7,248.1","58.0","65,216","3.9 %","2,537.0","58.0","4.7 %","3,068.8","58.0","4,978","253.4","3.0","304","3.0","-234.06","53.0","-268.29","20.0","","","60.0","275.85","2.27","0.8 %","20.0","30.0","25.0","275.85","2.50","0.9 %","23.0","31.0","27.0","14.3","0.68","4.7 %","32.0","32.0","32.00","24.12","1.00","4.1 %","37.0","43.0","40.0","32.0","28.5","28.0","27.0","43","39.5","41.0","33.7","42.0"
"Pennsylvania","42045","Delaware","26","9","18,721,672.7","34.1 %","44.0","33.0","51.0","26,217,679.8","47.7 %","57.0","24.0","24.0","219,145","33,638.9","2,183.2","45.0","3.0","6,107.7","33.0","4.0","1.00","1.00","1.00","1.00","1.000","47.0","17.0","80,081","9.9 %","7,918.9","49.0","12.7 %","10,171.3","48.0","33,412","9.9 %","3,300.4","49.0","12.7 %","4,246.5","48.0","4,581","582.6","2.0","749","2.0","-206.69","51.0","-202.13","19.0","2,461","1.1 %","58.0","34.71","0.91","2.6 %","28.0","23.0","25.5","34.71","2.03","5.8 %","25.0","21.0","23.0","42.0","3.50","8.3 %","14.0","23.0","18.50","75.17","17.13","22.8 %","13.0","18.0","15.5","23.0","22.0","25.0","23.0","16","34.0","43.0","30.6","38.0"
"Pennsylvania","42101","Philadelphia","383","48","24,736,880.0","20.6 %","45.0","51.0","39.0","39,939,197.7","33.3 %","53.0","43.0","12.0","663,398","647,118.7","42,388.1","3.0","4.0","63,651.1","4.0","3.0","1.00","1.00","1.00","1.00","1.000","48.0","33.0","1,550,965","1.0 %","15,057.7","63.0","1.3 %","20,752.1","63.0","668,082","1.1 %","7,250.1","63.0","1.5 %","9,939.3","63.0","88,781","959.9","1.0","1,267","1.0","-391.02","62.0","-396.10","21.0","37,545","5.9 %","38.0","222.19","8.05","3.6 %","10.0","21.0","15.5","531.23","16.09","3.0 %","8.0","24.0","16.0","134.3","8.36","6.2 %","6.0","28.0","17.00","222.65","49.61","22.3 %","5.0","20.0","12.5","12.0","16.3","15.0","16.0","50","31.5","36.0","26.6","31.0"
"Virginia","51000","State Summary","388","152","3,705,800,351.0","39.2 %","54.5","32.2","32.9","4,147,752,475.0","43.8 %","32.2","33.1","21.4","646,495","609,432.0","76,544.6","39.7","37.7","118,869.4","40.1","37.6","1.52","1.06","1.89","1.26","1.430","","39.9","1,522,313","15.9 %","242,031.2","23.0","21.4 %","325,269.0","22.8","652,662","16.9 %","110,543.9","24.2","22.3 %","145,603.6","24.0","22,073","11,377.0","36.2","12,519","657.0","","23.4","","9.8","77,115","12.7 %","21.3","341.00","34.50","10.1 %","28.6","26.2","27.4","327.70","79.20","24.2 %","292.0","24.3","26.8","103.7","40.70","39.2 %","38.3","32.5","35.40","215.10","27.30","12.7 %","36.1","33.2","34.7","29.4","31.4","25.7","26.8","51","563.6","40.5","28.5","41.3"
"Virginia","51001","Accomack","10","29","1,176,500,299.0","60.7 %","46.0","10.0","6.0","1,301,181,246.2","67.2 %","3.0","8.0","11.0","13,051","9,361.3","2,119.2","46.0","59.0","3,066.0","46.0","61.0","1.08","1.21","1.17","1.25","1.177","25.0","26.0","33,115","50.8 %","16,824.9","3.0","56.8 %","18,793.5","5.0","21,031","57.0 %","11,985.9","3.0","62.6 %","13,160.8","5.0","4,239","3,446.0","55.0","3,567","52.0","1,202.90","8.0","1,203.10","6.0","1,171","9.0 %","25.0","","","","","","","","","","","","","","","","","","","","","","","","","","","","","14","26.0","9.0","26.4","11.0"
"Virginia","51073","Gloucester","8","4","234,753,843.4","33.3 %","47.0","36.0","25.0","270,399,302.7","38.4 %","24.0","37.0","20.0","9,341","720.2","181.3","59.0","37.0","229.9","59.0","33.0","1.00","1.00","2.00","1.67","1.417","9.0","42.0","37,001","31.2 %","11,550.2","17.0","34.7 %","12,825.1","19.0","16,066","32.7 %","5,254.4","20.0","36.3 %","5,830.5","22.0","757","377.3","39.0","411","38.0","702.71","13.0","699.00","8.0","954","10.2 %","22.0","","","","","","","","","","","","","","","","","","","","","","","","","11.0","","16.0","","2","29.9","39.0","28.9","43.0"
"Virginia","51093","Isle of Wight","8","5","144,135,414.6","18.7 %","49.0","53.0","43.0","149,468,550.7","19.4 %","34.0","59.0","29.0","10,806","8,446.5","889.7","51.0","29.0","981.7","51.0","27.0","1.00","1.00","1.00","1.14","1.036","33.0","19.0","35,740","23.6 %","8,421.8","24.0","24.7 %","8,814.2","25.0","15,001","23.9 %","3,587.4","25.0","25.0 %","3,752.5","25.0","174","66.4","31.0","68","27.0","-35.71","31.0","-41.86","11.0","847","7.8 %","30.0","","","","39.0","39.0","39.0","","","","39.0","39.0","39.0","1.1","0.11","10.1 %","40.0","19.0","29.50","1.08","0.12","11.0 %","46.0","28.0","37.0","38.0","34.3","39.0","39.0","3","32.7","49.0","31.2","46.0"
"Virginia","51095","James City","11","3","127,926,015.2","32.6 %","50.0","38.0","57.0","135,675,159.8","34.5 %","35.0","42.0","41.0","28,975","27,750.7","4,218.3","33.0","52.0","4,822.1","35.0","49.0","","","","","","","60.0","70,673","22.8 %","16,099.2","25.0","24.2 %","17,068.4","26.0","31,392","22.4 %","7,024.3","26.0","23.7 %","7,443.6","26.0","1,232","553.3","37.0","590","35.0","412.71","18.0","401.71","9.0","3,728","12.9 %","9.0","","","","49.0","49.0","49.0","","","","49.0","49.0","49.0","16.0","0.05","0.3 %","44.0","45.0","44.50","16.05","0.05","0.3 %","48.0","48.0","48.0","49.0","46.8","49.0","49.0","","36.0","51.0","32.6","55.0"
"Virginia","51103","Lancaster","3","5","159,137,034.8","32.6 %","51.0","37.0","37.0","170,290,604.2","34.9 %","29.0","39.0","30.0","4,509","4,241.3","667.7","52.0","46.0","927.5","52.0","43.0","1.00","1.00","1.00","1.00","1.000","49.0","32.0","11,129","32.9 %","3,658.4","14.0","35.4 %","3,940.3","18.0","7,544","34.9 %","2,632.0","16.0","37.6 %","2,834.8","20.0","1,609","1,039.7","46.0","1,115","42.0","1,336.00","4.0","1,333.00","3.0","200","4.4 %","41.0","","","","","","","","","","","","","","","","","","","","","","","","","","","","","","31.4","","31.3",""
"Virginia","51115","Mathews","2","13","154,235,530.6","46.0 %","52.0","20.0","27.0","196,209,999.8","58.5 %","28.0","17.0","19.0","1,493","1,434.2","294.6","58.0","39.0","503.6","55.0","45.0","1.00","1.00","1.50","2.50","1.500","7.0","45.0","8,880","42.2 %","3,745.9","7.0","52.4 %","4,654.7","7.0","5,702","43.3 %","2,471.3","9.0","54.3 %","3,094.4","9.0","1,309","872.3","47.0","1,062","49.0","1,388.50","2.0","1,386.00","2.0","101","6.8 %","34.0","","","","","","","","","","","","","","","","","","","","","","","","","","","","","","30.1","","28.7",""
"Virginia","51119","Middlesex","4","10","150,990,862.5","31.6 %","53.0","39.0","32.0","157,310,536.7","32.9 %","31.0","45.0","21.0","3,287","20.2","2.2","63.0","28.0","2.7","63.0","26.0","1.00","1.00","1.33","2.00","1.333","15.0","54.0","10,717","34.4 %","3,688.9","11.0","35.9 %","3,842.4","17.0","7,211","37.5 %","2,703.2","13.0","39.1 %","2,817.3","19.0","1,998","1,365.5","49.0","1,424","44.0","1,318.00","6.0","1,303.50","4.0","205","6.2 %","37.0","","","","","","","","","","","","","","","","","","","","","","","","","14.0","","26.0","","3","30.6","","29.5",""
"Virginia","51131","Northampton","3","11","579,931,133.7","61.3 %","56.0","9.0","41.0","608,854,469.3","64.3 %","6.0","10.0","38.0","5,197","5,259.9","1,189.7","50.0","61.0","1,526.6","49.0","60.0","1.00","1.00","1.60","1.80","1.350","13.0","39.0","12,184","56.4 %","6,874.9","1.0","59.8 %","7,289.0","2.0","7,323","57.5 %","4,211.4","2.0","60.8 %","4,454.3","6.0","845","716.4","60.0","741","55.0","1,447.00","1.0","1,447.00","1.0","480","9.2 %","23.0","","","","45.0","45.0","45.0","","","","45.0","45.0","45.0","31.0","0.54","1.7 %","35.0","41.0","38.00","32.88","2.00","6.1 %","33.0","37.0","35.0","43.0","41.5","45.0","45.0","3","32.4","44.0","32.2","49.0"
"Virginia","51133","Northumberland","3","7","98,364,681.8","17.1 %","57.0","56.0","42.0","113,515,594.3","19.7 %","36.0","58.0","26.0","2,491","2,424.0","377.8","56.0","53.0","428.3","57.0","53.0","1.75","1.75","1.00","1.00","1.375","10.0","46.0","12,304","18.9 %","2,327.2","28.0","21.8 %","2,687.9","28.0","9,096","19.2 %","1,750.2","29.0","22.2 %","2,022.9","30.0","2,161","605.0","22.0","700","20.0","1,269.33","7.0","1,266.67","5.0","430","17.3 %","5.0","","","","","","","","","","","","","","","","","","","","","","","","","","","","","","32.4","46.0","31.0","50.0"
"Virginia","51193","Westmoreland","4","5","77,822,564.9","11.9 %","62.0","63.0","55.0","86,568,282.0","13.2 %","41.0","63.0","54.0","3,424","3,266.6","322.7","57.0","48.0","369.4","58.0","47.0","1.00","1.00","1.00","1.00","1.000","50.0","31.0","17,557","12.2 %","2,144.4","43.0","13.5 %","2,375.1","46.0","10,752","12.5 %","1,340.6","45.0","13.8 %","1,486.7","46.0","2,530","496.1","13.0","553","14.0","1,179.75","9.0","1,172.25","7.0","426","12.4 %","12.0","","","","32.0","27.0","29.5","","","","32.0","27.0","29.5","","","","51.0","51.0","51.00","","","","51.0","51.0","51.0","","40.3","","29.5","1","34.8","55.0","35.5","54.0"
"Virginia","51199","York","14","5","88,937,306.3","26.0 %","63.0","43.0","38.0","100,274,440.0","29.3 %","38.0","47.0","16.0","21,738","21,441.3","2,550.9","43.0","35.0","3,717.1","43.0","34.0","2.50","1.00","1.00","1.00","1.375","11.0","23.0","66,471","15.3 %","10,179.8","36.0","19.5 %","12,940.6","35.0","27,150","15.8 %","4,289.1","33.0","19.8 %","5,371.3","35.0","667","219.6","25.0","240","24.0","-139.15","42.0","-141.31","14.0","","","7.0","","","346,400.0 %","","","","0.16","36.19","52.3 %","","","","0.0","36.19","53.8 %","","","","0.01","","","","","","42.0","","31.0","","4","31.4","28.0","28.1","30.0"
"Virginia","51650","Hampton (city)","33","7","79,680,273.5","46.9 %","48.0","18.0","52.0","102,009,566.2","60.0 %","37.0","16.0","3.0","53,937","45,522.8","5,032.7","31.0","23.0","9,000.7","30.0","22.0","3.00","1.00","4.00","1.00","2.250","2.0","55.0","137,081","14.2 %","19,519.7","38.0","23.7 %","32,501.8","27.0","60,168","13.9 %","8,380.7","40.0","22.9 %","13,784.7","28.0","186","70.2","29.0","109","40.0","-171.59","46.0","-116.59","15.0","5,529","10.3 %","21.0","123.07","22.39","18.2 %","1.0","4.0","2.5","127.44","23.58","18.5 %","4.0","4.0","4.0","","","","50.0","48.0","49.00","6.45","0.28","4.4 %","42.0","42.0","42.0","27.0","25.8","1.0","4.0","4","34.4","","23.0",""
"Virginia","51700","Newport News (city)","44","8","147,510,791.8","62.6 %","54.0","8.0","23.0","155,885,503.4","66.1 %","32.0","9.0","5.0","96,225","97,218.1","4,379.6","32.0","10.0","5,853.3","34.0","9.0","4.00","1.00","4.00","1.00","2.500","1.0","58.0","181,323","16.7 %","30,360.2","32.0","17.8 %","32,293.1","39.0","77,175","15.3 %","11,811.7","35.0","16.2 %","12,465.5","41.0","272","34.1","10.0","36","8.0","-88.39","34.0","-108.61","12.0","7,400","7.7 %","31.0","10.58","0.98","9.3 %","26.0","11.0","18.5","10.58","1.53","14.5 %","28.0","8.0","18.0","12.9","0.62","4.8 %","33.0","30.0","31.50","71.13","5.77","8.1 %","25.0","32.0","28.5","26.0","25.0","20.0","18.0","1","29.8","","24.3",""
"Virginia","51710","Norfolk (city)","80","14","36,178,597.1","28.6 %","55.0","41.0","14.0","48,447,576.4","38.3 %","50.0","38.0","2.0","140,246","138,317.3","19,240.1","9.0","14.0","32,955.9","10.0","15.0","2.00","1.00","4.00","1.00","2.000","4.0","49.0","245,452","14.4 %","35,453.6","37.0","21.7 %","53,199.2","29.0","96,121","14.0 %","13,427.6","39.0","21.5 %","20,637.3","33.0","408","76.5","11.0","135","21.0","-210.77","52.0","-186.75","17.0","15,257","10.9 %","18.0","96.89","9.06","9.3 %","9.0","10.0","9.5","79.08","13.48","17.1 %","11.0","6.0","8.5","23.9","2.13","8.9 %","21.0","21.0","21.00","50.56","11.37","22.5 %","17.0","19.0","18.0","10.0","15.3","7.0","8.5","1","28.6","47.0","20.8","37.0"
"Virginia","51735","Poquoson (city)","3","1","43,330,356.8","75.2 %","58.0","2.0","16.0","51,512,110.7","89.4 %","49.0","1.0","17.0","1,740","1,659.0","1,213.2","49.0","32.0","1,470.2","50.0","32.0","1.00","1.00","2.00","1.00","1.250","23.0","30.0","12,077","51.4 %","6,203.7","2.0","76.8 %","9,271.2","1.0","4,751","50.8 %","2,412.2","5.0","76.5 %","3,632.9","1.0","20","14.4","51.0","20","63.0","80.67","26.0","149.33","10.0","203","11.7 %","16.0","","","","","","","","","","","","","","","","","","","","","","","","","","","","","","28.8","48.0","28.1","52.0"
"Virginia","51740","Portsmouth (city)","31","7","37,236,928.2","38.9 %","59.0","26.0","15.0","45,346,942.8","47.4 %","51.0","25.0","7.0","43,715","44,589.8","10,220.8","17.0","16.0","15,364.0","17.0","21.0","1.00","1.00","2.00","1.00","1.250","24.0","18.0","96,135","13.6 %","13,052.1","39.0","20.4 %","19,595.3","33.0","40,987","14.0 %","5,753.4","38.0","21.5 %","8,829.2","32.0","87","46.6","41.0","53","41.0","-127.88","39.0","-63.47","13.0","13,839","31.7 %","2.0","19.22","0.97","5.1 %","27.0","17.0","22.0","19.22","3.32","17.3 %","21.0","5.0","13.0","0.2","0.17","73.0 %","38.0","1.0","19.50","15.35","5.92","38.6 %","23.0","9.0","16.0","21.0","20.8","11.0","13.0","5","28.7","56.0","24.6","51.0"
"Virginia","51800","Suffolk City","28","7","83,503,425.4","16.7 %","60.0","58.0","9.0","89,497,544.9","17.9 %","39.0","61.0","8.0","29,850","28,242.1","2,098.7","2.0","51.0","2,269.8","5.0","52.0","1.00","1.00","1.00","1.00","1.000","51.0","48.0","86,184","15.3 %","13,210.4","5.0","16.2 %","13,984.7","11.0","34,368","14.8 %","5,096.3","7.0","15.7 %","5,388.7","11.0","197","44.3","52.0","46","48.0","-189.07","23.0","-209.13","22.0","3,675","12.3 %","40.0","10.94","0.04","0.4 %","33.0","32.0","32.5","10.94","0.04","0.4 %","33.0","32.0","32.5","5.3","0.08","1.5 %","41.0","42.0","41.50","6.02","0.43","7.2 %","40.0","35.0","37.5","41.0","37.0","33.0","32.5","5","27.0","1.0","25.0","3.0"
"Virginia","51810","Virginia Beach","99","11","285,625,289.9","43.6 %","61.0","22.0","60.0","365,305,045.3","55.7 %","17.0","20.0","39.0","176,470","169,516.7","21,545.4","6.0","45.0","35,380.6","7.0","48.0","1.50","1.00","2.50","1.00","1.500","8.0","44.0","448,290","8.6 %","38,715.9","52.0","15.4 %","69,192.5","43.0","180,824","9.1 %","16,412.2","51.0","15.8 %","28,596.2","43.0","3,382","1,333.3","33.0","1,647","36.0","-354.71","60.0","-320.87","18.0","22,670","12.8 %","10.0","80.35","1.01","1.3 %","25.0","28.0","26.5","80.35","1.06","1.3 %","30.0","28.0","29.0","13.3","0.87","6.5 %","30.0","27.0","28.50","15.69","1.33","8.5 %","36.0","31.0","33.5","31.0","27.5","30.0","29.0","5","38.6","54.0","32.3","56.0"
"Mid-Atlantic Region","84000","Mid Atlantic Summary","3,603","864","16,593,053,285.0","38.7 %","32.0","32.0","32.0","18,713,858,747.0","43.6 %","32.0","32.0","32.0","12,811,986","6,825,563.1","556,624.1","32.0","32.0","973,343.3","32.0","32.0","1.17","0.94","1.45","1.22","1.193","","32.0","14,613,310","11.7 %","1,712,511.5","32.0","14.6 %","2,129,153.8","32.0","6,428,518","14.2 %","911,846.6","32.0","17.6 %","1,134,400.7","32.0","429,804","221,577.5","32.0","248,488","2,016.0","","32.0","","32.0","657,299","9.6 %","31.5","3,434.50","193.60","5.6 %","26.0","26.0","26.0","5,929.10","375.50","6.3 %","1,272.0","26.0","26.0","1,621.7","256.10","15.8 %","25.7","25.6","25.67","2,770.20","722.30","26.1 %","25.9","26.6","26.2","26.1","25.9","26.4","26.0","2,004","1,962.7","29.0","31.1","29.0"

"Data ID","Vulnerability","Scenario","Definition"
"state_name","Region","3 and 6 Feet","State"
"county_name","Region","3 and 6 Feet","County NAME"
"fips_cty","Region","3 and 6 Feet","County/state FIPS Code"
"N_tracts","Region","3 and 6 Feet","Number of shore adjacent Census tracts"
"N_Zip","Region","3 and 6 Feet","Number of shore adjacent Zip Codes"
"ovarea3","Sea Level Rise","3 Feet","Area of shore adjacent Census tracts Flooded 3 ft SLR"
"ovpct3","Sea Level Rise","3 Feet","Percent of shore adjacent Census tracts Flooded 3 ft SLR"
"arearank3","Sea Level Rise","3 Feet","County/State rank by area flooded 3 ft SLR"
"rankpct_tractflood3","Sea Level Rise","3 Feet","Rank Percent of shore adjacent Census tracts Flooded 3 ft SLR"
"Rankscenario3","Sea Level Rise","3 Feet","Rank Composite Score 3 ft SLR"
"ovarea6","Sea Level Rise","6 Feet","Area of shore adjacent Census tracts Flooded 6 ft SLR"
"ovpct6","Sea Level Rise","6 Feet","Percent of shore adjacent Census tracts Flooded 6 ft SLR"
"arearank6","Sea Level Rise","6 Feet","County/State rank by area flooded 6 ft SLR"
"rankpct_tractflood6","Sea Level Rise","6 Feet","Rank Percent of Census tracts flooded 6 ft SLR"
"Rankscenario6","Sea Level Rise","6 Feet","Rank Composite Score 6 ft SLR"
"Cty_emp","Employment","3 and 6 Feet","Total shore adjacent Census tracts Employment"
"empz","Employment","3 and 6 Feet","Employment in shore adjacent Zip Codes"
"empzw3","Employment","3 Feet","Employment in shore adjacent Zip Codes weighted by 3Ft SLR area"
"rank_emp3","Employment","3 Feet","Rank Total Employment 3 ft SLR"
"empzw6","Employment","6 Feet","Employment in shore adjacent Zip Codes weighted by 6Ft SLR area"
"rank_emp6","Employment","6 Feet","Rank Total Employment 6 ft SLR"
"summeremp3","Summer Employment","3 Feet","Rank Summer Employment 3 ft SLR"
"summeremp6","Summer Employment","6 Feet","Rank Summer Employment 6 ft SLR"
"commercial_engagement","Fisheries","3 and 6 Feet","Commercial Fisheries Engagement"
"commercial_reliance","Fisheries","3 and 6 Feet","Reliance of Community on Commercial Fiheries Income"
"recreational_engagement","Fisheries","3 and 6 Feet","Recreatiional Fisheries Engagement"
"recreational_reliance","Fisheries","3 and 6 Feet","Reliance of Community on Recreational Fiheries Income"
"meanfishscore","Fisheries","3 and 6 Feet","Average fishery engagement/reliance score"
"rankfish","Fisheries","3 and 6 Feet","Average Rank of County Communities on Fish Score"
"fishrank","Fisheries","3 and 6 Feet","Rank of fisheries score"
"pop15","Population","3 and 6 Feet","Population in shore adjacent Census tracts (2015)"
"ppct3","Population","3 Feet","Percent of population in shore adjacent Census tracts in 3 ft SLR zone"
"popw3","Population","3 Feet","Population weighted by area flooded 3 ft SLR"
"rankp3","Population","3 Feet","Rank population 3 ft SLR"
"ppct6","Population","6 Feet","Percent of population in shore adjacent Census tracts in 6 ft SLR zone"
"popw6","Population","6 Feet","Population weighted by area flooded 6 ft SLR"
"rankp6","Population","6 Feet","Rank population 6 ft SLR"
"houseu","Housing Units","3 and 6 Feet","Total housing units in shore adjacent Census tracts (2015)"
"hpct3","Housing Units","3 Feet","Percent of housing units in shore adjacent Census tracts in 3 ft SLR zone"
"housew3","Housing Units","3 Feet","Housing units weighted by area flooded 3 ft SLR"
"rankh3","Housing Units","3 Feet","Rank housing units 3 ft SLR"
"hpct6","Housing Units","6 Feet","Percent of housing units in shore adjacent Census tracts in 6 ft SLR zone"
"housew6","Housing Units","6 Feet","Housing units weighted by area flooded 6 ft SLR"
"rankh6","Housing Units","6 Feet","Rank housing units 6 ft SLR"
"sumhouse","Summer Housing Units","3 and 6 Feet","Number of seasonal housing units in shore adjacent Census tracts"
"seashw3","Summer Housing Units","3 Feet","Seasonal housing units weighted by area flooded 3 ft SLR"
"summerhouse3","Summer Housing Units","3 Feet","Rank summer housing 3 ft SLR"
"seashw6","Summer Housing Units","6 Feet","Seasonal housing units weighted by area flooded 6 ft SLR"
"summerhouse6","Summer Housing Units","6 Feet","Rank summer housing 6 ft SLR"
"sovich3","Social Vulnerability","3 Feet","Social vulnerability index weighed by area floodied 3 ft SLR"
"sovi3","Social Vulnerability","3 Feet","Rank of county in social vulnerability 3 ft SLR"
"sovich6","Social Vulnerability","6 Feet","Social vulnerability index weighed by area floodied 6 ft SLR"
"sovi6","Social Vulnerability","6 Feet","Rank of county in social vulnerability 6 ft SLR"
"Oceanemp_tot","Ocean Economy Employment","3 and 6 Feet","Ocean-related employment in county or state"
"oceanpct","Ocean Economy Employment","3 and 6 Feet","Percent of county/state employment ocean related"
"Ocean_rank","Ocean Economy Employment","3 and 6 Feet","Rank Ocean Employment"
"totalroad3","Infrastucture","3 Feet","Total major roads in shore adjacent Census tracts in 3 ft SLR(km)"
"floodroad3","Infrastucture","3 Feet","Flooded roads in 3 ft SLR (km)"
"pctroad3","Infrastucture","3 Feet","Percent of major roads flooded in 3 ft SLR"
"road3kmrank","Infrastucture","3 Feet","Rank based on km flooded roads 3 ft SLR"
"road3pctrank","Infrastucture","3 Feet","Rank based pct roads flooded 3 ft SLR"
"roadrankmean3","Infrastucture","3 Feet","Average of roads ranking in 3 ft SLR"
"totalroad6","Infrastucture","6 Feet","Total major highways in shore adjacent Census tracts in 6 ft SLR(km)"
"floodroad6","Infrastucture","6 Feet","Flooded roads in 6 ft SLR (km)"
"pctroad6","Infrastucture","6 Feet","Percent of major roads flooded in 6 ft SLR"
"road6kmrank","Infrastucture","6 Feet","Rank based on km flooded roads 6 ft SLR"
"road6pctrank","Infrastucture","6 Feet","Rank based pct roads flooded 6 ft SLR"
"roadrankmean6","Infrastucture","6 Feet","Average of roads ranking in 6 ft SLR"
"totalrail3","Infrastucture","3 Feet","Total major rail in shore adjacent Census tracts in 3 ft SLR (km)"
"floodrail3","Infrastucture","3 Feet","Flooded rail in 3 ft SLR (km)"
"pctrail3","Infrastucture","3 Feet","Percent of major rail flooded in 3 ft SLR"
"rail3kmrank","Infrastucture","3 Feet","Rank based on km flooded rail 3 ft SLR"
"rail3pctrank","Infrastucture","3 Feet","Rank based pct rail flooded 3 ft SLR"
"railrankmean3","Infrastucture","3 Feet","Average of rail ranking in 3 ft SLR"
"totalrail6","Infrastucture","6 Feet","Total major railways in shore adjacent Census tracts in 6 ft SLR (km)"
"floodrail6","Infrastucture","6 Feet","Flooded rail in 6 ft SLR (km)"
"pctrail6","Infrastucture","6 Feet","Percent of major rail flooded in 6 ft SLR"
"rail6kmrank","Infrastucture","6 Feet","Rank based on km flooded rail 6 ft SLR"
"rail6pctrank","Infrastucture","6 Feet","Rank based pct rail flooded 6 ft SLR"
"railrankmean6","Infrastucture","6 Feet","Average of rail ranking in 6 ft SLR"
"rr3rank","Infrastucture","3 Feet","Rank of road and rail 3 ft SLR"
"rr_rank3mean","Infrastucture","3 Feet","Mean of Road and Rail Ranking 3ft SLR"
"rr6rank","Infrastucture","6 Feet","Rank of road and rail 6 ft SLR"
"rr_rank6mean","Infrastucture","6 Feet","Mean of Road and Rail Ranking 6ft SLR"
"Total_infra","Infrastucture","3 and 6 Feet","Total infrastructure facilities in shore adjacent Census tracts"
"Rankscore3","Infrastucture","3 Feet","Number or water and energy infrastructure facilities in shore adjacent Census tracts"
"rank_infraflood3","Infrastucture","3 Feet","Rank Infrastructure 3 ft SLR"
"Rankscore6","Infrastucture","6 Feet","County/state rank by number of infrastructure facilities"
"rank_infraflood6","Infrastucture","6 Feet","Rank Infrastructure 6 ft SLR"

Note: NOEP requires that all users of these data include proper attribution (See http://oceaneconomics.org/About/policy.aspx#cite).
