State,NMFSName
ALABAMA,HARVESTFISHES **
ALABAMA,"TUNA, LITTLE TUNNY"
ALABAMA,"BROTULA, BEARDED"
ALABAMA,TRIPLETAIL
ALABAMA,"MACKEREL, KING AND CERO **"
ALABAMA,TRIGGERFISHES **
ALABAMA,"CATFISHES-BULLHEADS, OTHER **"
ALABAMA,"CATFISHES, SEA **"
ALABAMA,"SQUIDS, LOLIGINIDAE **"
ALABAMA,"PORGY, RED"
ALABAMA,"VERTEBRATES, JAWED"
ALABAMA,SPADEFISH
ALABAMA,"RUNNER, BLUE"
ALABAMA,BLUEFISH
ALABAMA,AMBERJACKS **
ALABAMA,"CROAKER, ATLANTIC"
ALABAMA,CRUSTACEANS **
ALABAMA,LADYFISH
ALABAMA,SPOT
ALABAMA,"SEATROUT, SAND"
ALABAMA,KINGFISHES **
ALABAMA,"SNAPPER, VERMILION"
ALABAMA,"SHARKS, CHONDRICHTHYES (CLASS) **"
ALABAMA,"DRUM, BLACK"
ALABAMA,"GROUPERS, SERRANIDAE (FAMILY) **"
ALABAMA,"MULLET, WHITE"
ALABAMA,"POMPANO, FLORIDA"
ALABAMA,SHEEPSHEAD
ALABAMA,"VERTEBRATES, JAWED"
ALABAMA,MENHADENS **
ALABAMA,"SNAPPER, RED"
ALABAMA,"MACKEREL, SPANISH"
ALABAMA,FLATFISHES **
ALABAMA,"SHRIMPS, ROCK **"
ALABAMA,"SHRIMP, ROYAL RED"
ALABAMA,"MULLET, STRIPED"
ALABAMA,"OYSTER, EASTERN"
ALABAMA,"SHRIMP, NORTHERN PINK"
ALABAMA,"CRAB, BLUE"
ALABAMA,"SHRIMP, NORTHERN WHITE"
ALABAMA,"SHRIMP, NORTHERN BROWN"
ALASKA,"ROCKFISH, YELLOWTAIL"
ALASKA,"ROCKFISH, CANARY"
ALASKA,SCULPINS **
ALASKA,"SKATES, RAJIDAE (FAMILY) **"
ALASKA,SMELTS **
ALASKA,"SALMON, PACIFIC **"
ALASKA,LINGCOD
ALASKA,"SOLE, DOVER"
ALASKA,"CLAM, PACIFIC GEODUCK"
ALASKA,"URCHINS, SEA, STRONGYLOCENTROTUS (GENUS) **"
ALASKA,"VERTEBRATES, JAWED"
ALASKA,"FLOUNDER, ARROWTOOTH"
ALASKA,FLATFISHES **
ALASKA,"SOLE, FLATHEAD"
ALASKA,"ROCKFISH, PACIFIC OCEAN PERCH"
ALASKA,CRUSTACEANS **
ALASKA,"HALIBUT, GREENLAND"
ALASKA,"SCALLOP, WEATHERVANE"
ALASKA,"CRAB, SOUTHERN TANNER"
ALASKA,"CRAB, DUNGENESS"
ALASKA,"SHRIMPS, PENAEID **"
ALASKA,"SOLE, YELLOWFIN"
ALASKA,ROCKFISHES **
ALASKA,"SOLE, ROCK"
ALASKA,"MACKEREL, ATKA"
ALASKA,"HERRING, PACIFIC"
ALASKA,"SALMON, CHINOOK"
ALASKA,"SALMON, COHO"
ALASKA,"SALMON, PINK"
ALASKA,"SALMON, CHUM"
ALASKA,"CRAB, SNOW"
ALASKA,"CRAB, KING **"
ALASKA,SABLEFISH
ALASKA,"HALIBUT, PACIFIC"
ALASKA,"COD, PACIFIC"
ALASKA,"SALMON, SOCKEYE"
ALASKA,"POLLOCK, WALLEYE "
CALIFORNIA,"COD, PACIFIC"
CALIFORNIA,"ROCKFISH, BRONZESPOTTED"
CALIFORNIA,"ROCKFISH, ROSY"
CALIFORNIA,"SHARK, BLUE"
CALIFORNIA,"ROCKFISH, FLAG"
CALIFORNIA,"ROCKFISH, GREENSTRIPED"
CALIFORNIA,"SQUIDS, LOLIGINIDAE **"
CALIFORNIA,"ROCKFISH, SPECKLED"
CALIFORNIA,QUEENFISH
CALIFORNIA,"ROCKFISH, STARRY"
CALIFORNIA,"PRICKLEBACK, MONKEYFACE"
CALIFORNIA,"ROCKFISH, GREENBLOTCHED"
CALIFORNIA,ECHINODERM **
CALIFORNIA,"CRAB, KING **"
CALIFORNIA,"CLAM, CALIFORNIA JACKKNIFE"
CALIFORNIA,CLAMS **
CALIFORNIA,"FLOUNDERS, RIGHTEYE **"
CALIFORNIA,TUNAS **
CALIFORNIA,"ROCKFISH, AURORA"
CALIFORNIA,"ROCKFISH, COWCOD"
CALIFORNIA,"ROCKFISH, SHORTBELLY"
CALIFORNIA,"ROCKFISH, PACIFIC OCEAN PERCH"
CALIFORNIA,"ROCKFISH, OLIVE"
CALIFORNIA,OCTOPUSES **
CALIFORNIA,"SHARK, THRESHER, BIGEYE"
CALIFORNIA,"SEA BASS, GIANT"
CALIFORNIA,"SHRIMP, GHOST **"
CALIFORNIA,EELS **
CALIFORNIA,"FLOUNDER, ARROWTOOTH"
CALIFORNIA,"SOLE, ROCK"
CALIFORNIA,SCULPINS **
CALIFORNIA,"ROCKFISH, KELP"
CALIFORNIA,"ROCKFISH, GREENSPOTTED"
CALIFORNIA,"BONITO, PACIFIC"
CALIFORNIA,"ROCKFISH, REDBANDED"
CALIFORNIA,"SHARK, DOGFISH, SPINY"
CALIFORNIA,"SHARKS, CHONDRICHTHYES (CLASS) **"
CALIFORNIA,"ROCKFISH, DARKBLOTCHED"
CALIFORNIA,"ROCKFISH, YELLOWEYE"
CALIFORNIA,"ROCKFISH, TREEFISH"
CALIFORNIA,"ROCKFISH, BLUE"
CALIFORNIA,"SHARK, LEOPARD"
CALIFORNIA,"FLOUNDER, STARRY"
CALIFORNIA,"ROCKFISH, SPLITNOSE"
CALIFORNIA,FLATFISHES **
CALIFORNIA,"ROCKFISH, CANARY"
CALIFORNIA,"SHARK, PACIFIC ANGEL"
CALIFORNIA,"ROCKFISH, BOCACCIO"
CALIFORNIA,"ROCKFISH, VERMILION"
CALIFORNIA,"SHARK, TOPE"
CALIFORNIA,"ROCKFISH, YELLOWTAIL"
CALIFORNIA,"VERTEBRATES, JAWED"
CALIFORNIA,"SHAD, AMERICAN"
CALIFORNIA,"ROCKFISH, CHINA"
CALIFORNIA,DOLPHINFISH **
CALIFORNIA,"ROCKFISH, COPPER"
CALIFORNIA,"CRABS, DECAPODA (ORDER) **"
CALIFORNIA,"SOLE, SAND"
CALIFORNIA,CRUSTACEANS **
CALIFORNIA,"SEAWEED, KELP **"
CALIFORNIA,MOLLUSKS **
CALIFORNIA,GRENADIERS **
CALIFORNIA,"BARRACUDA, PACIFIC"
CALIFORNIA,SURFPERCHES **
CALIFORNIA,SCORPIONFISHES **
CALIFORNIA,"ROCKFISH, BLACKGILL"
CALIFORNIA,"ROCKFISH, BROWN"
CALIFORNIA,"ROCKFISH, BANK"
CALIFORNIA,"JACK, YELLOWTAIL"
CALIFORNIA,"ROCKFISH, BLACK"
CALIFORNIA,"SHARK, MAKO, SHORTFIN"
CALIFORNIA,LINGCOD
CALIFORNIA,"CROAKER, PACIFIC WHITE"
CALIFORNIA,"ROCKFISH, BLACK-AND-YELLOW"
CALIFORNIA,"VERTEBRATES, JAWED"
CALIFORNIA,"SOLE, REX"
CALIFORNIA,"GREENLING, KELP"
CALIFORNIA,SMELTS **
CALIFORNIA,"SOLE, ENGLISH"
CALIFORNIA,JACK MACKEREL
CALIFORNIA,"SKATES, RAJIDAE (FAMILY) **"
CALIFORNIA,"MUSSEL, SEA"
CALIFORNIA,"SHRIMP, BRINE"
CALIFORNIA,"ROCKFISH, GOPHER"
CALIFORNIA,"SHRIMPS, PENAEID **"
CALIFORNIA,"ROCKFISH, GRASS"
CALIFORNIA,"BASS, WHITE SEA"
CALIFORNIA,"TUNA, SKIPJACK"
CALIFORNIA,"SHARK, THRESHER"
CALIFORNIA,"TUNA, BLUEFIN PACIFIC"
CALIFORNIA,"TUNA, BIGEYE"
CALIFORNIA,"SHEEPHEAD, CALIFORNIA"
CALIFORNIA,"CUCUMBERS, SEA **"
CALIFORNIA,"ROCKFISH, CHILIPEPPER"
CALIFORNIA,"FLOUNDER, PACIFIC, SANDDAB **"
CALIFORNIA,"ROCKFISH, WIDOW"
CALIFORNIA,"HAKE, PACIFIC (WHITING)"
CALIFORNIA,"THORNYHEAD, SHORTSPINE"
CALIFORNIA,"SHRIMP, OCEAN"
CALIFORNIA,CABEZON
CALIFORNIA,"TUNA, YELLOWFIN"
CALIFORNIA,"CRAB, RED ROCK"
CALIFORNIA,"ANCHOVY, NORTHERN"
CALIFORNIA,"SOLE, PETRALE"
CALIFORNIA,"SHRIMP, PACIFIC ROCK"
CALIFORNIA,"HALIBUT, CALIFORNIA"
CALIFORNIA,"SOLE, DOVER"
CALIFORNIA,"HERRING, PACIFIC"
CALIFORNIA,"MACKEREL, CHUB"
CALIFORNIA,ROCKFISHES **
CALIFORNIA,"TUNA, ALBACORE"
CALIFORNIA,"SHRIMP, SPOT"
CALIFORNIA,"OYSTER, PACIFIC"
CALIFORNIA,"LOBSTER, CALIFORNIA SPINY"
CALIFORNIA,SABLEFISH
CALIFORNIA,"SARDINE, PACIFIC"
CALIFORNIA,"SALMON, CHINOOK"
CALIFORNIA,SWORDFISH
CALIFORNIA,"CRAB, DUNGENESS"
CALIFORNIA,"URCHINS, SEA, STRONGYLOCENTROTUS (GENUS) **"
CALIFORNIA,"SQUID, CALIFORNIA MARKET"
CONNECTICUT,TRIGGERFISHES **
CONNECTICUT,FLATFISHES **
CONNECTICUT,DOLPHINFISH **
CONNECTICUT,CUSK
CONNECTICUT,"BONITO, ATLANTIC"
CONNECTICUT,"REDFISH, ACADIAN"
CONNECTICUT,KINGFISHES **
CONNECTICUT,"SHARKS, CHONDRICHTHYES (CLASS) **"
CONNECTICUT,"DORY, BUCKLER"
CONNECTICUT,"SHAD, GIZZARD"
CONNECTICUT,"EEL, CONGER"
CONNECTICUT,SEAROBINS **
CONNECTICUT,"TUNA, ALBACORE"
CONNECTICUT,"WOLFFISH, ATLANTIC"
CONNECTICUT,MENHADENS **
CONNECTICUT,"CRAB, BLUE"
CONNECTICUT,POLLOCK
CONNECTICUT,TILEFISHES **
CONNECTICUT,"CRABS, DECAPODA (ORDER) **"
CONNECTICUT,"HERRING, ATLANTIC"
CONNECTICUT,TUNAS **
CONNECTICUT,"VERTEBRATES, JAWED"
CONNECTICUT,"HERRING, BLUEBACK"
CONNECTICUT,WINDOWPANE
CONNECTICUT,"SHARKS, DOGFISH **"
CONNECTICUT,"CRAB, JONAH"
CONNECTICUT,WEAKFISH
CONNECTICUT,"HAKE, WHITE"
CONNECTICUT,HADDOCK
CONNECTICUT,"MACKEREL, ATLANTIC"
CONNECTICUT,TAUTOG
CONNECTICUT,"PERCH, WHITE"
CONNECTICUT,BLUEFISH
CONNECTICUT,"CRAB, HORSESHOE"
CONNECTICUT,"SQUID, SHORTFIN ILLEX"
CONNECTICUT,"CRAB, GREEN"
CONNECTICUT,"BASS, BLACK SEA"
CONNECTICUT,"TUNA, YELLOWFIN"
CONNECTICUT,"CONCHS, TRUE **"
CONNECTICUT,"FLOUNDER, WITCH"
CONNECTICUT,"FLOUNDER, AMERICAN PLAICE"
CONNECTICUT,HARVESTFISHES **
CONNECTICUT,"COD, ATLANTIC"
CONNECTICUT,"SHAD, AMERICAN"
CONNECTICUT,"SKATES, RAJIDAE (FAMILY) **"
CONNECTICUT,"HAKE, RED"
CONNECTICUT,"SHRIMP, MARINE **"
CONNECTICUT,PORGIES **
CONNECTICUT,"FLOUNDER, YELLOWTAIL"
CONNECTICUT,"FLOUNDER, WINTER"
CONNECTICUT,"FLOUNDER, SUMMER"
CONNECTICUT,CRUSTACEANS **
CONNECTICUT,GOOSEFISH
CONNECTICUT,"HAKE, SILVER"
CONNECTICUT,"SCALLOP, SEA"
CONNECTICUT,"OYSTER, EASTERN"
CONNECTICUT,"LOBSTER, AMERICAN"
CONNECTICUT,"CLAMS, QUAHOG, MERCENARIA **"
DELAWARE,"VERTEBRATES, JAWED"
DELAWARE,"SHAD, GIZZARD"
DELAWARE,"HAKES, RED AND WHITE **"
DELAWARE,WINDOWPANE
DELAWARE,"EEL, CONGER"
DELAWARE,"MACKEREL, ATLANTIC"
DELAWARE,"DRUM, BLACK"
DELAWARE,KINGFISHES **
DELAWARE,TAUTOG
DELAWARE,"SHARKS, DOGFISH **"
DELAWARE,HARVESTFISHES **
DELAWARE,DOLPHINFISH **
DELAWARE,"CATFISHES-BULLHEADS, OTHER **"
DELAWARE,ALEWIFE
DELAWARE,"TOADFISHES, BATRACHOIDIDAE (FAMILY) **"
DELAWARE,"CARP, COMMON"
DELAWARE,CRUSTACEANS **
DELAWARE,"CROAKER, ATLANTIC"
DELAWARE,MENHADENS **
DELAWARE,"TURTLES, SNAPPING"
DELAWARE,BLUEFISH
DELAWARE,SPOT
DELAWARE,"FLOUNDER, SUMMER"
DELAWARE,TUNAS **
DELAWARE,"SHAD, AMERICAN"
DELAWARE,"PERCH, WHITE"
DELAWARE,"CONCHS, TRUE **"
DELAWARE,"BASS, BLACK SEA"
DELAWARE,"EEL, AMERICAN"
DELAWARE,"CLAMS, QUAHOG, MERCENARIA **"
DELAWARE,"BASS, STRIPED"
DELAWARE,"CRAB, HORSESHOE"
DELAWARE,WEAKFISH
DELAWARE,"CRAB, BLUE"
FLORIDA-EAST,"PORGY, KNOBBED"
FLORIDA-EAST,"CONCHS, TRUE **"
FLORIDA-EAST,"SEATROUT, SAND"
FLORIDA-EAST,SQUIRRELFISHES **
FLORIDA-EAST,SCORPIONFISHES **
FLORIDA-EAST,"ROSEFISH, BLACKBELLY"
FLORIDA-EAST,"HIND, SPECKLED"
FLORIDA-EAST,"PORGY, JOLTHEAD"
FLORIDA-EAST,OCTOPUSES **
FLORIDA-EAST,"PERCH, SAND"
FLORIDA-EAST,"HIND, ROCK"
FLORIDA-EAST,"GROUPER, YELLOWFIN"
FLORIDA-EAST,"GROUPER, WARSAW"
FLORIDA-EAST,"SHARK, THRESHER"
FLORIDA-EAST,"HIND, RED"
FLORIDA-EAST,MARGATE
FLORIDA-EAST,"JACK, BAR"
FLORIDA-EAST,"PORGY, RED"
FLORIDA-EAST,SCADS **
FLORIDA-EAST,PARROTFISHES **
FLORIDA-EAST,"SNAPPER, CUBERA"
FLORIDA-EAST,BIGEYE
FLORIDA-EAST,LADYFISH
FLORIDA-EAST,"SHARK, TIGER"
FLORIDA-EAST,GRAYSBY
FLORIDA-EAST,REPTILES
FLORIDA-EAST,"SNAPPER, QUEEN"
FLORIDA-EAST,"BASS, BLACK SEA"
FLORIDA-EAST,"SNAPPERS, LUTJANIDAE (FAMILY) **"
FLORIDA-EAST,"SHARKS, HAMMERHEAD **"
FLORIDA-EAST,"AMBERJACK, LESSER"
FLORIDA-EAST,"SARDINE, SPANISH"
FLORIDA-EAST,PERMIT
FLORIDA-EAST,"GROUPERS, SERRANIDAE (FAMILY) **"
FLORIDA-EAST,EELS **
FLORIDA-EAST,"TILEFISH, BLUELINE"
FLORIDA-EAST,"SHARK, DUSKY"
FLORIDA-EAST,HARVESTFISHES **
FLORIDA-EAST,SPADEFISH
FLORIDA-EAST,LOOKDOWN
FLORIDA-EAST,"SNAPPER, SILK"
FLORIDA-EAST,PORGIES **
FLORIDA-EAST,"HERRING, ATLANTIC THREAD"
FLORIDA-EAST,"TUNA, BLACKFIN"
FLORIDA-EAST,WEAKFISH
FLORIDA-EAST,"SQUIDS, LOLIGINIDAE **"
FLORIDA-EAST,"POMPANO, AFRICAN"
FLORIDA-EAST,"LOBSTERS, SLIPPER **"
FLORIDA-EAST,"SNAPPER, LANE"
FLORIDA-EAST,JACKS **
FLORIDA-EAST,"SHARK, MAKO, SHORTFIN"
FLORIDA-EAST,"CUTLASSFISH, ATLANTIC"
FLORIDA-EAST,CRUSTACEANS **
FLORIDA-EAST,HOGFISH
FLORIDA-EAST,"TUNA, ALBACORE"
FLORIDA-EAST,TRIPLETAIL
FLORIDA-EAST,OILFISH
FLORIDA-EAST,"DRUM, BLACK"
FLORIDA-EAST,SPOT
FLORIDA-EAST,"FLOUNDER, SUMMER"
FLORIDA-EAST,TRIGGERFISHES **
FLORIDA-EAST,ESCOLAR
FLORIDA-EAST,"TUNA, LITTLE TUNNY"
FLORIDA-EAST,PINFISH
FLORIDA-EAST,"RUDDERFISH, BANDED"
FLORIDA-EAST,"MOONFISH, ATLANTIC"
FLORIDA-EAST,"JACK, ALMACO"
FLORIDA-EAST,"CROAKER, ATLANTIC"
FLORIDA-EAST,"EEL, AMERICAN"
FLORIDA-EAST,"GROUPER, BLACK"
FLORIDA-EAST,WAHOO
FLORIDA-EAST,"GRUNTS, HAEMULIDAE (FAMILY) **"
FLORIDA-EAST,"SHARK, SHARPNOSE, ATLANTIC"
FLORIDA-EAST,"SHRIMPS, PENAEOID **"
FLORIDA-EAST,BLUEFISH
FLORIDA-EAST,"GROUPER, RED"
FLORIDA-EAST,"TUNA, BLUEFIN"
FLORIDA-EAST,"SHARK, BLACKTIP"
FLORIDA-EAST,"BARRACUDAS, SPHYRAENIDAE (FAMILY) **"
FLORIDA-EAST,"SNAPPER, MUTTON"
FLORIDA-EAST,"GROUPER, YELLOWEDGE"
FLORIDA-EAST,"SEATROUT, SPOTTED"
FLORIDA-EAST,"SHARK, FINETOOTH"
FLORIDA-EAST,"SNAPPER, GRAY"
FLORIDA-EAST,MENHADENS **
FLORIDA-EAST,"SHARK, BLACKNOSE"
FLORIDA-EAST,"RUNNER, BLUE"
FLORIDA-EAST,SCAMP
FLORIDA-EAST,COBIA
FLORIDA-EAST,"OYSTER, EASTERN"
FLORIDA-EAST,TUNAS **
FLORIDA-EAST,"MULLET, WHITE"
FLORIDA-EAST,"JACK, CREVALLE"
FLORIDA-EAST,"SHARK, SANDBAR"
FLORIDA-EAST,"GROUPER, SNOWY"
FLORIDA-EAST,"SHARKS, CHONDRICHTHYES (CLASS) **"
FLORIDA-EAST,"SNAPPER, RED"
FLORIDA-EAST,"SCAD, BIGEYE"
FLORIDA-EAST,SHEEPSHEAD
FLORIDA-EAST,BALLYHOO
FLORIDA-EAST,"SHAD, GIZZARD"
FLORIDA-EAST,"TUNA, YELLOWFIN"
FLORIDA-EAST,"SNAPPER, YELLOWTAIL"
FLORIDA-EAST,"TUNA, BIGEYE"
FLORIDA-EAST,MOJARRAS **
FLORIDA-EAST,"SCALLOP, ATLANTIC CALICO"
FLORIDA-EAST,"SNAPPER, VERMILION"
FLORIDA-EAST,"AMBERJACK, GREATER"
FLORIDA-EAST,FLATFISHES **
FLORIDA-EAST,DOLPHINFISH **
FLORIDA-EAST,"POMPANO, FLORIDA"
FLORIDA-EAST,KINGFISHES **
FLORIDA-EAST,"CRAB, FLORIDA STONE"
FLORIDA-EAST,"CRAB, GOLDEN DEEPSEA"
FLORIDA-EAST,"GROUPER, GAG"
FLORIDA-EAST,"MULLET, STRIPED"
FLORIDA-EAST,"VERTEBRATES, JAWED"
FLORIDA-EAST,SHARKS **
FLORIDA-EAST,"SHRIMP, ROYAL RED"
FLORIDA-EAST,"MACKEREL, SPANISH"
FLORIDA-EAST,TILAPIAS **
FLORIDA-EAST,"TILEFISH, GOLDEN"
FLORIDA-EAST,"CLAMS, QUAHOG, MERCENARIA **"
FLORIDA-EAST,"SHRIMP, MARINE **"
FLORIDA-EAST,"SHRIMP, NORTHERN BROWN"
FLORIDA-EAST,"SHRIMP, NORTHERN PINK"
FLORIDA-EAST,"LOBSTER, CARIBBEAN SPINY"
FLORIDA-EAST,"MACKEREL, KING AND CERO **"
FLORIDA-EAST,SWORDFISH
FLORIDA-EAST,"CRAB, BLUE"
FLORIDA-EAST,"CATFISHES-BULLHEADS, OTHER **"
FLORIDA-EAST,"SHRIMP, NORTHERN WHITE"
FLORIDA-EAST,"SHRIMPS, ROCK **"
FLORIDA-WEST,SCHOOLMASTER
FLORIDA-WEST,"BASS, LONGTAIL"
FLORIDA-WEST,"JACK, HORSE-EYE"
FLORIDA-WEST,POMFRETS **
FLORIDA-WEST,"GROUPER, MARBLED"
FLORIDA-WEST,GRAYSBY
FLORIDA-WEST,EELS **
FLORIDA-WEST,"SHARK, SHARPNOSE, ATLANTIC"
FLORIDA-WEST,PARROTFISHES **
FLORIDA-WEST,"SHARK, THRESHER"
FLORIDA-WEST,SQUIRRELFISHES **
FLORIDA-WEST,"BASS, ROCK SEA"
FLORIDA-WEST,"SHARK, TIGER"
FLORIDA-WEST,TRIPLETAIL
FLORIDA-WEST,"TILEFISH, SAND"
FLORIDA-WEST,"EEL, CONGER"
FLORIDA-WEST,"SNAPPER, CUBERA"
FLORIDA-WEST,"SNAPPER, CARIBBEAN RED"
FLORIDA-WEST,"POMPANO, AFRICAN"
FLORIDA-WEST,"SNAPPER, DOG"
FLORIDA-WEST,"SHAD, AMERICAN"
FLORIDA-WEST,LOOKDOWN
FLORIDA-WEST,"TUNA, SKIPJACK"
FLORIDA-WEST,"ROSEFISH, BLACKBELLY"
FLORIDA-WEST,"HIND, ROCK"
FLORIDA-WEST,"BARRACUDAS, SPHYRAENIDAE (FAMILY) **"
FLORIDA-WEST,"CATFISHES-BULLHEADS, OTHER **"
FLORIDA-WEST,"GROUPER, YELLOWFIN"
FLORIDA-WEST,AMBERJACKS **
FLORIDA-WEST,"SHARK, SPINNER"
FLORIDA-WEST,"SHARK, SILKY"
FLORIDA-WEST,"PORGY, JOLTHEAD"
FLORIDA-WEST,"SNAPPERS, LUTJANIDAE (FAMILY) **"
FLORIDA-WEST,SPADEFISH
FLORIDA-WEST,"PUFFERS, SPHOEROIDES (GENUS) **"
FLORIDA-WEST,KINGFISHES **
FLORIDA-WEST,"GROUPER, MISTY"
FLORIDA-WEST,"SNAPPER, BLACKFIN"
FLORIDA-WEST,ESCOLAR
FLORIDA-WEST,"SHRIMP, ATLANIC SEABOB"
FLORIDA-WEST,"SHARK, BULL"
FLORIDA-WEST,"DRUM, BLACK"
FLORIDA-WEST,MARGATE
FLORIDA-WEST,FLYINGFISHES **
FLORIDA-WEST,"CROAKER, ATLANTIC"
FLORIDA-WEST,"SHARK, BLACKNOSE"
FLORIDA-WEST,"TUNA, BIGEYE"
FLORIDA-WEST,RAYS **
FLORIDA-WEST,SPOT
FLORIDA-WEST,"SHARK, LEMON"
FLORIDA-WEST,"JACK, BAR"
FLORIDA-WEST,"GROUPERS, SERRANIDAE (FAMILY) **"
FLORIDA-WEST,OILFISH
FLORIDA-WEST,SCORPIONFISHES **
FLORIDA-WEST,BARRELFISH
FLORIDA-WEST,TUNAS **
FLORIDA-WEST,"SHARK, MAKO, SHORTFIN"
FLORIDA-WEST,OCTOPUSES **
FLORIDA-WEST,"HIND, RED"
FLORIDA-WEST,MENHADENS **
FLORIDA-WEST,"TUNA, BLACKFIN"
FLORIDA-WEST,"PORGY, KNOBBED"
FLORIDA-WEST,"SQUIDS, LOLIGINIDAE **"
FLORIDA-WEST,"RUDDERFISH, BANDED"
FLORIDA-WEST,"RUNNER, BLUE"
FLORIDA-WEST,"BROTULA, BEARDED"
FLORIDA-WEST,"SEATROUT, SAND"
FLORIDA-WEST,"LOBSTERS, SLIPPER **"
FLORIDA-WEST,BLUEFISH
FLORIDA-WEST,WENCHMAN
FLORIDA-WEST,SPONGES **
FLORIDA-WEST,"JACK, ALMACO"
FLORIDA-WEST,"AMBERJACK, LESSER"
FLORIDA-WEST,"SHARK, BLACKTIP"
FLORIDA-WEST,PERMIT
FLORIDA-WEST,"SEATROUT, SPOTTED"
FLORIDA-WEST,"TUNA, LITTLE TUNNY"
FLORIDA-WEST,"SCAD, BIGEYE"
FLORIDA-WEST,JACKS **
FLORIDA-WEST,"SNAPPER, LANE"
FLORIDA-WEST,"PORGY, RED"
FLORIDA-WEST,"SNAPPER, QUEEN"
FLORIDA-WEST,TILAPIAS **
FLORIDA-WEST,"GROUPER, WARSAW"
FLORIDA-WEST,WAHOO
FLORIDA-WEST,"MULLET, WHITE"
FLORIDA-WEST,TRIGGERFISHES **
FLORIDA-WEST,HOGFISH
FLORIDA-WEST,"SHARKS, CHONDRICHTHYES (CLASS) **"
FLORIDA-WEST,"TILEFISH, BLUELINE"
FLORIDA-WEST,"HIND, SPECKLED"
FLORIDA-WEST,SCADS **
FLORIDA-WEST,SHEEPSHEAD
FLORIDA-WEST,LADYFISH
FLORIDA-WEST,PINFISH
FLORIDA-WEST,"BASS, BLACK SEA"
FLORIDA-WEST,"SPONGE, GRASS"
FLORIDA-WEST,HARVESTFISHES **
FLORIDA-WEST,FLATFISHES **
FLORIDA-WEST,COBIA
FLORIDA-WEST,PORGIES **
FLORIDA-WEST,MOJARRAS **
FLORIDA-WEST,"SHRIMPS, PENAEOID **"
FLORIDA-WEST,"JACK, CREVALLE"
FLORIDA-WEST,"SHRIMP, ROYAL RED"
FLORIDA-WEST,CRUSTACEANS **
FLORIDA-WEST,"SPONGE, YELLOW"
FLORIDA-WEST,"SHARK, SANDBAR"
FLORIDA-WEST,"MACKEREL, SPANISH"
FLORIDA-WEST,"SNAPPER, MUTTON"
FLORIDA-WEST,"HERRING, ATLANTIC THREAD"
FLORIDA-WEST,"SPONGE, SHEEPSWOOL"
FLORIDA-WEST,"SNAPPER, SILK"
FLORIDA-WEST,SCAMP
FLORIDA-WEST,"GROUPER, SNOWY"
FLORIDA-WEST,"VERTEBRATES, JAWED"
FLORIDA-WEST,"CRAB, GOLDEN DEEPSEA"
FLORIDA-WEST,"TILEFISH, GOLDEN"
FLORIDA-WEST,"SNAPPER, GRAY"
FLORIDA-WEST,"GRUNTS, HAEMULIDAE (FAMILY) **"
FLORIDA-WEST,SWORDFISH
FLORIDA-WEST,DOLPHINFISH **
FLORIDA-WEST,"TUNA, YELLOWFIN"
FLORIDA-WEST,BALLYHOO
FLORIDA-WEST,SHARKS **
FLORIDA-WEST,"SHRIMPS, ROCK **"
FLORIDA-WEST,"AMBERJACK, GREATER"
FLORIDA-WEST,"SARDINE, SPANISH"
FLORIDA-WEST,"SHRIMP, NORTHERN WHITE"
FLORIDA-WEST,"POMPANO, FLORIDA"
FLORIDA-WEST,"GROUPER, BLACK"
FLORIDA-WEST,"MACKEREL, KING AND CERO **"
FLORIDA-WEST,"SNAPPER, RED"
FLORIDA-WEST,"SNAPPER, VERMILION"
FLORIDA-WEST,"GROUPER, YELLOWEDGE"
FLORIDA-WEST,"SNAPPER, YELLOWTAIL"
FLORIDA-WEST,"SHRIMP, NORTHERN BROWN"
FLORIDA-WEST,"OYSTER, EASTERN"
FLORIDA-WEST,"SHRIMP, MARINE **"
FLORIDA-WEST,"MULLET, STRIPED"
FLORIDA-WEST,"CLAMS, QUAHOG, MERCENARIA **"
FLORIDA-WEST,"GROUPER, GAG"
FLORIDA-WEST,"CRAB, BLUE"
FLORIDA-WEST,"GROUPER, RED"
FLORIDA-WEST,"LOBSTER, CARIBBEAN SPINY"
FLORIDA-WEST,"CRAB, FLORIDA STONE"
FLORIDA-WEST,"SHRIMP, NORTHERN PINK"
GEORGIA,CRUSTACEANS **
GEORGIA,"CRAB, FLORIDA STONE"
GEORGIA,"BASS, BLACK SEA"
GEORGIA,"SHARKS, CHONDRICHTHYES (CLASS) **"
GEORGIA,"DRUM, RED"
GEORGIA,"SHAD, HICKORY"
GEORGIA,FLATFISHES **
GEORGIA,PORGIES **
GEORGIA,"SEATROUT, SPOTTED"
GEORGIA,"SHRIMP, ROYAL RED"
GEORGIA,"GROUPERS, SERRANIDAE (FAMILY) **"
GEORGIA,DOLPHINFISH **
GEORGIA,"OYSTER, EASTERN"
GEORGIA,"MACKEREL, KING AND CERO **"
GEORGIA,KINGFISHES **
GEORGIA,"SNAPPER, RED"
GEORGIA,TRIGGERFISHES **
GEORGIA,"SHAD, AMERICAN"
GEORGIA,AMBERJACKS **
GEORGIA,"SHRIMPS, ROCK **"
GEORGIA,"CLAMS, QUAHOG, MERCENARIA **"
GEORGIA,"VERTEBRATES, JAWED"
GEORGIA,"CONCHS, TRUE **"
GEORGIA,"SNAPPER, VERMILION"
GEORGIA,"SHRIMP, MARINE **"
GEORGIA,"SHRIMP, NORTHERN BROWN"
GEORGIA,"CRAB, BLUE"
GEORGIA,"SHRIMP, NORTHERN WHITE"
HAWAII,"SHRIMPS, PENAEOID **"
HAWAII,TUNAS **
HAWAII,"TUNA, BLUEFIN PACIFIC"
HAWAII,"LOBSTER, BANDED SPINY"
HAWAII,CRUSTACEANS **
HAWAII,SPEARFISHES **
HAWAII,"SNAPPERS, LUTJANIDAE (FAMILY) **"
HAWAII,"SHARKS, CHONDRICHTHYES (CLASS) **"
HAWAII,"SNAPPER, RED"
HAWAII,"TUNA, SKIPJACK"
HAWAII,"TUNA, ALBACORE"
HAWAII,"VERTEBRATES, JAWED"
HAWAII,"TUNA, YELLOWFIN"
HAWAII,SWORDFISH
HAWAII,"TUNA, BIGEYE"
ILLINOIS,CHUBS **
LOUISIANA,PARROTFISHES **
LOUISIANA,"EEL, CONGER"
LOUISIANA,"TILEFISH, SAND"
LOUISIANA,"POMPANO, AFRICAN"
LOUISIANA,"JACK, HORSE-EYE"
LOUISIANA,"JACK, BLACK"
LOUISIANA,"SCORPIONFISH, SPOTTED"
LOUISIANA,SCORPIONFISHES **
LOUISIANA,SQUIRRELFISHES **
LOUISIANA,"SNAPPER, BLACKFIN"
LOUISIANA,"SNAPPER, MUTTON"
LOUISIANA,"PORGY, KNOBBED"
LOUISIANA,"CATFISHES, SEA **"
LOUISIANA,"HIND, ROCK"
LOUISIANA,"TILEFISH, BLUELINE"
LOUISIANA,"RUNNER, RAINBOW"
LOUISIANA,RUDDERFISH **
LOUISIANA,"SHRIMP, FW **"
LOUISIANA,"SHRIMP, MARINE **"
LOUISIANA,"SNAPPER, YELLOWTAIL"
LOUISIANA,"BARRACUDAS, SPHYRAENIDAE (FAMILY) **"
LOUISIANA,SPOT
LOUISIANA,"SQUIDS, LOLIGINIDAE **"
LOUISIANA,"SNAPPER, CUBERA"
LOUISIANA,WENCHMAN
LOUISIANA,"BONITO, ATLANTIC"
LOUISIANA,"GRUNTS, HAEMULIDAE (FAMILY) **"
LOUISIANA,"SHRIMPS, ROCK **"
LOUISIANA,"HIND, SPECKLED"
LOUISIANA,"BASS, LONGTAIL"
LOUISIANA,"SHARKS, CHONDRICHTHYES (CLASS) **"
LOUISIANA,REPTILES
LOUISIANA,BIGEYE
LOUISIANA,BLUEFISH
LOUISIANA,"TURTLE, SLIDERS **"
LOUISIANA,"BROTULA, BEARDED"
LOUISIANA,"HIND, RED"
LOUISIANA,"PORGY, WHITEBONE"
LOUISIANA,"SCORPIONFISH, SPINYCHEEK"
LOUISIANA,TRIPLETAIL
LOUISIANA,"VERTEBRATES, JAWED"
LOUISIANA,CRUSTACEANS **
LOUISIANA,CREOLE-FISH
LOUISIANA,"GROUPER, MARBLED"
LOUISIANA,"VERTEBRATES, JAWED"
LOUISIANA,"SHARK, MAKO, LONGFIN"
LOUISIANA,"MACKEREL, SPANISH"
LOUISIANA,"CARP, COMMON"
LOUISIANA,"CARP, GRASS"
LOUISIANA,"TURTLE, SOFT-SHELL **"
LOUISIANA,"TUNA, LITTLE TUNNY"
LOUISIANA,"SHARK, MAKO, SHORTFIN"
LOUISIANA,"TUNA, ALBACORE"
LOUISIANA,"JACK, BAR"
LOUISIANA,"TUNA, BLACKFIN"
LOUISIANA,"TILEFISH, GOLDFACE"
LOUISIANA,"PORGY, RED"
LOUISIANA,SPADEFISH
LOUISIANA,"CROAKER, ATLANTIC"
LOUISIANA,"SNAPPER, QUEEN"
LOUISIANA,"GROUPER, YELLOWFIN"
LOUISIANA,"HAKES, RED AND WHITE **"
LOUISIANA,"AMBERJACK, LESSER"
LOUISIANA,"DRIFTFISH, BLACK"
LOUISIANA,"SNAPPER, SILK"
LOUISIANA,"JACK, ALMACO"
LOUISIANA,"CATFISHES, BULLHEAD **"
LOUISIANA,"GROUPER, SNOWY"
LOUISIANA,"SNAPPER, GRAY"
LOUISIANA,"RUNNER, BLUE"
LOUISIANA,"SNAPPER, LANE"
LOUISIANA,"GROUPER, BLACK"
LOUISIANA,KINGFISHES **
LOUISIANA,"TURTLES, SNAPPING"
LOUISIANA,OILFISH
LOUISIANA,"SEATROUT, SAND"
LOUISIANA,"DRUM, FRESHWATER"
LOUISIANA,"SHAD, GIZZARD"
LOUISIANA,"SEATROUT, SPOTTED"
LOUISIANA,"TILEFISH, GOLDEN"
LOUISIANA,"GROUPER, GAG"
LOUISIANA,"CATFISH, FLATHEAD"
LOUISIANA,COBIA
LOUISIANA,"SNAPPER, BLACK"
LOUISIANA,DOLPHINFISH **
LOUISIANA,"TRIGGERFISH, GRAY"
LOUISIANA,BOWFIN
LOUISIANA,"CRAB, FLORIDA STONE"
LOUISIANA,ESCOLAR
LOUISIANA,WAHOO
LOUISIANA,HERRINGS **
LOUISIANA,"GROUPER, WARSAW"
LOUISIANA,SCAMP
LOUISIANA,MINNOWS **
LOUISIANA,"TUNA, BIGEYE"
LOUISIANA,"POMPANO, FLORIDA"
LOUISIANA,"SHRIMP, ROUGHNECK **"
LOUISIANA,"FLOUNDER, SOUTHERN"
LOUISIANA,"AMBERJACK, GREATER"
LOUISIANA,SHARKS **
LOUISIANA,"SHARK, BLACKTIP"
LOUISIANA,BUFFALOFISHES **
LOUISIANA,"GROUPER, YELLOWEDGE"
LOUISIANA,"TUNA, BLUEFIN"
LOUISIANA,GARFISHES **
LOUISIANA,SHEEPSHEAD
LOUISIANA,"CRAYFISHES, FRESHWATER **"
LOUISIANA,"SNAPPER, VERMILION"
LOUISIANA,"CATFISH, CHANNEL"
LOUISIANA,"MACKEREL, KING"
LOUISIANA,SWORDFISH
LOUISIANA,"DRUM, BLACK"
LOUISIANA,"CATFISH, BLUE"
LOUISIANA,"SHRIMP, ATLANIC SEABOB"
LOUISIANA,"MULLET, STRIPED"
LOUISIANA,"SNAPPER, RED"
LOUISIANA,"TUNA, YELLOWFIN"
LOUISIANA,"OYSTER, EASTERN"
LOUISIANA,"CRAB, BLUE"
LOUISIANA,MENHADENS **
LOUISIANA,"SHRIMP, NORTHERN BROWN"
LOUISIANA,"SHRIMP, NORTHERN WHITE"
MAINE,"BASS, BLACK SEA"
MAINE,TAUTOG
MAINE,"HALIBUT, GREENLAND"
MAINE,"HAKE, RED"
MAINE,BLUEFISH
MAINE,"GROUPERS, SERRANIDAE (FAMILY) **"
MAINE,"SMELT, RAINBOW"
MAINE,"SQUID, SHORTFIN ILLEX"
MAINE,"SHAD, AMERICAN"
MAINE,HARVESTFISHES **
MAINE,"ROUGHY, BIG"
MAINE,"SHARK, PORBEAGLE"
MAINE,FLATFISHES **
MAINE,BARRELFISH
MAINE,"HAKES, RED AND WHITE **"
MAINE,"MACKEREL, ATLANTIC"
MAINE,"SHARK, DOGFISH, SPINY"
MAINE,"SHRIMPS, MANTIS **"
MAINE,"SEAWEED, ROCKWEED"
MAINE,"CLAM, RAZOR, ATLANTIC"
MAINE,"SQUID, LONGFIN LOLIGO"
MAINE,SHARKS **
MAINE,"HAKE, SILVER"
MAINE,"VERTEBRATES, JAWED"
MAINE,"SHARKS, CHONDRICHTHYES (CLASS) **"
MAINE,"FLOUNDER, SUMMER"
MAINE,TILEFISHES **
MAINE,"HALIBUT, ATLANTIC"
MAINE,"FLOUNDER, WINTER"
MAINE,"CLAMS, QUAHOG, MERCENARIA **"
MAINE,"OYSTER, EDIBLE"
MAINE,"WOLFFISH, ATLANTIC"
MAINE,ALEWIFE
MAINE,"SKATES, RAJIDAE (FAMILY) **"
MAINE,"FLOUNDER, YELLOWTAIL"
MAINE,"OYSTER, EASTERN"
MAINE,CUSK
MAINE,SEAWEED
MAINE,"REDFISH, ACADIAN"
MAINE,"PERIWINKLES, ATLANTIC **"
MAINE,"CRAB, JONAH"
MAINE,"CRABS, DECAPODA (ORDER) **"
MAINE,HAGFISHES **
MAINE,"POLYCHAETE, SANDWORMS **"
MAINE,"CUCUMBERS, SEA **"
MAINE,"MUSSEL, SEA"
MAINE,"TUNA, BLUEFIN"
MAINE,"CRAB, ATLANTIC ROCK"
MAINE,"POLYCHAETE, BLOODWORMS"
MAINE,HADDOCK
MAINE,"HAKE, WHITE"
MAINE,"FLOUNDER, WITCH"
MAINE,"COD, ATLANTIC"
MAINE,POLLOCK
MAINE,"CLAM, QUAHOG, OCEAN"
MAINE,"SHRIMPS, PENAEOID **"
MAINE,"SCALLOP, SEA"
MAINE,"FLOUNDER, AMERICAN PLAICE"
MAINE,"HERRING, ATLANTIC"
MAINE,GOOSEFISH
MAINE,"CLAM, SOFT"
MAINE,"URCHINS, SEA, STRONGYLOCENTROTUS (GENUS) **"
MAINE,"LOBSTER, AMERICAN"
MARYLAND,OCTOPUSES **
MARYLAND,"TOADFISHES, BATRACHOIDIDAE (FAMILY) **"
MARYLAND,DEALFISH
MARYLAND,"REDFISH, ACADIAN"
MARYLAND,"TUNA, SKIPJACK"
MARYLAND,ESCOLAR
MARYLAND,TARPON
MARYLAND,"HAKES, RED AND WHITE **"
MARYLAND,"TERRAPIN, DIAMONDBACK"
MARYLAND,CUSK
MARYLAND,"POMPANO, FLORIDA"
MARYLAND,PORGIES **
MARYLAND,"CRAB, ATLANTIC ROCK"
MARYLAND,"JACK, CREVALLE"
MARYLAND,AMBERJACKS **
MARYLAND,"SHARK, DUSKY"
MARYLAND,"SHRIMP, NORTHERN BROWN"
MARYLAND,SHEEPSHEAD
MARYLAND,SUCKERS **
MARYLAND,REPTILES
MARYLAND,"MULLET, STRIPED"
MARYLAND,STURGEONS **
MARYLAND,"GRUNTS, HAEMULIDAE (FAMILY) **"
MARYLAND,"FLOUNDER, WITCH"
MARYLAND,"PERCH, SAND"
MARYLAND,"HAKE, RED"
MARYLAND,HOGFISH
MARYLAND,"SHARKS, CHONDRICHTHYES (CLASS) **"
MARYLAND,"SHARK, BULL"
MARYLAND,"HAKE, SILVER"
MARYLAND,"SHARK, SILKY"
MARYLAND,"MACKEREL, KING AND CERO **"
MARYLAND,"SHARK, THRESHER"
MARYLAND,"SHARK, SAND TIGER"
MARYLAND,"TUNA, BLACKFIN"
MARYLAND,"DRUM, BLACK"
MARYLAND,"SHARK, BLACKTIP"
MARYLAND,"DRUM, RED"
MARYLAND,"SHARKS, DOGFISH **"
MARYLAND,"SHARK, MAKO, LONGFIN"
MARYLAND,SHARKS **
MARYLAND,"SHAD, HICKORY"
MARYLAND,SUNFISHES **
MARYLAND,"TUNA, BLUEFIN"
MARYLAND,OPAH
MARYLAND,"TUNA, LITTLE TUNNY"
MARYLAND,"SQUIDS, LOLIGINIDAE **"
MARYLAND,"PUFFER, NORTHERN"
MARYLAND,KINGFISHES **
MARYLAND,WAHOO
MARYLAND,TAUTOG
MARYLAND,"TUNA, ALBACORE"
MARYLAND,CRAPPIES **
MARYLAND,SPADEFISH
MARYLAND,TUNAS **
MARYLAND,"MACKEREL, ATLANTIC"
MARYLAND,"CRABS, DECAPODA (ORDER) **"
MARYLAND,DOLPHINFISH **
MARYLAND,"FLOUNDER, WINTER"
MARYLAND,"SHAD, AMERICAN"
MARYLAND,"CARP, COMMON"
MARYLAND,"SEATROUT, SPOTTED"
MARYLAND,ALEWIFE
MARYLAND,"SHARK, DOGFISH, SMOOTH"
MARYLAND,"SHARKS, MAKO **"
MARYLAND,BLUEFISH
MARYLAND,"MACKEREL, SPANISH"
MARYLAND,"TURTLES, SNAPPING"
MARYLAND,"SKATES, RAJIDAE (FAMILY) **"
MARYLAND,"CATFISHES, FORKTAIL **"
MARYLAND,"SHAD, GIZZARD"
MARYLAND,SPOT
MARYLAND,"SHARK, DOGFISH, SPINY"
MARYLAND,"SQUID, LONGFIN LOLIGO"
MARYLAND,"CRAB, HORSESHOE"
MARYLAND,"SCALLOP, SEA"
MARYLAND,WEAKFISH
MARYLAND,"TUNA, BIGEYE"
MARYLAND,"PERCH, YELLOW"
MARYLAND,SWORDFISH
MARYLAND,"CONCHS, TRUE **"
MARYLAND,"TUNA, YELLOWFIN"
MARYLAND,CRUSTACEANS **
MARYLAND,"VERTEBRATES, JAWED"
MARYLAND,"CLAMS, QUAHOG, MERCENARIA **"
MARYLAND,FLATFISHES **
MARYLAND,"BASS, BLACK SEA"
MARYLAND,"EEL, AMERICAN"
MARYLAND,MENHADENS **
MARYLAND,"CATFISHES-BULLHEADS, OTHER **"
MARYLAND,"CROAKER, ATLANTIC"
MARYLAND,"PERCH, WHITE"
MARYLAND,"CLAM, SOFT"
MARYLAND,CLAMS **
MARYLAND,"BASS, STRIPED"
MARYLAND,"OYSTER, EASTERN"
MARYLAND,"CRAB, BLUE"
MASSACHUSETTS,"TOADFISHES, BATRACHOIDIDAE (FAMILY) **"
MASSACHUSETTS,"SHAD, AMERICAN"
MASSACHUSETTS,"SHARKS, MAKO **"
MASSACHUSETTS,"SHARKS, DOGFISH **"
MASSACHUSETTS,CUNNER
MASSACHUSETTS,"TUNA, LITTLE TUNNY"
MASSACHUSETTS,TILEFISHES **
MASSACHUSETTS,TRIGGERFISHES **
MASSACHUSETTS,WEAKFISH
MASSACHUSETTS,"EEL, CONGER"
MASSACHUSETTS,ESCOLAR
MASSACHUSETTS,"BONITO, ATLANTIC"
MASSACHUSETTS,"POUT, OCEAN"
MASSACHUSETTS,"SHARKS, CHONDRICHTHYES (CLASS) **"
MASSACHUSETTS,"SQUID, SHORTFIN ILLEX"
MASSACHUSETTS,TUNAS **
MASSACHUSETTS,"TUNA, ALBACORE"
MASSACHUSETTS,"SQUIDS, LOLIGINIDAE **"
MASSACHUSETTS,FLATFISHES **
MASSACHUSETTS,DOLPHINFISH **
MASSACHUSETTS,"HALIBUT, ATLANTIC"
MASSACHUSETTS,"SHARK, MAKO, SHORTFIN"
MASSACHUSETTS,"VERTEBRATES, JAWED"
MASSACHUSETTS,HARVESTFISHES **
MASSACHUSETTS,"TUNA, YELLOWFIN"
MASSACHUSETTS,CUSK
MASSACHUSETTS,WINDOWPANE
MASSACHUSETTS,"HAKE, RED"
MASSACHUSETTS,BLUEFISH
MASSACHUSETTS,"WOLFFISH, ATLANTIC"
MASSACHUSETTS,"REDFISH, ACADIAN"
MASSACHUSETTS,TAUTOG
MASSACHUSETTS,"SHRIMPS, PENAEOID **"
MASSACHUSETTS,"MACKEREL, ATLANTIC"
MASSACHUSETTS,"TUNA, BIGEYE"
MASSACHUSETTS,"CONCHS, TRUE **"
MASSACHUSETTS,PORGIES **
MASSACHUSETTS,CRUSTACEANS **
MASSACHUSETTS,"CLAM, SURF, ATLANTIC"
MASSACHUSETTS,"HERRING, ATLANTIC"
MASSACHUSETTS,"CRAB, JONAH"
MASSACHUSETTS,"BASS, BLACK SEA"
MASSACHUSETTS,"HAKE, WHITE"
MASSACHUSETTS,"SHARK, DOGFISH, SPINY"
MASSACHUSETTS,"FLOUNDER, SUMMER"
MASSACHUSETTS,HAGFISHES **
MASSACHUSETTS,"SQUID, LONGFIN LOLIGO"
MASSACHUSETTS,"CRABS, DECAPODA (ORDER) **"
MASSACHUSETTS,"HAKE, SILVER"
MASSACHUSETTS,"BASS, STRIPED"
MASSACHUSETTS,"SKATES, RAJIDAE (FAMILY) **"
MASSACHUSETTS,POLLOCK
MASSACHUSETTS,SWORDFISH
MASSACHUSETTS,"CRAB, RED DEEPSEA"
MASSACHUSETTS,"FLOUNDER, AMERICAN PLAICE"
MASSACHUSETTS,"FLOUNDER, WITCH"
MASSACHUSETTS,"CLAM, QUAHOG, OCEAN"
MASSACHUSETTS,"FLOUNDER, WINTER"
MASSACHUSETTS,HADDOCK
MASSACHUSETTS,"FLOUNDER, YELLOWTAIL"
MASSACHUSETTS,"TUNA, BLUEFIN"
MASSACHUSETTS,"COD, ATLANTIC"
MASSACHUSETTS,GOOSEFISH
MASSACHUSETTS,"LOBSTER, AMERICAN"
MASSACHUSETTS,"SCALLOP, SEA"
MICHIGAN,GARFISHES **
MICHIGAN,BURBOT
MICHIGAN,"SHAD, GIZZARD"
MICHIGAN,GOLDFISH
MICHIGAN,"BULLHEAD, BROWN"
MICHIGAN,"BASS, ROCK"
MICHIGAN,"BASS, WHITE"
MICHIGAN,"SALMON, COHO"
MICHIGAN,"PERCH, WHITE"
MICHIGAN,CRAPPIES **
MICHIGAN,SUCKERS **
MICHIGAN,"DRUM, FRESHWATER"
MICHIGAN,BUFFALOFISHES **
MICHIGAN,QUILLBACK
MICHIGAN,"WHITEFISH, ROUND"
MICHIGAN,"HERRING, LAKE OR CISCO"
MICHIGAN,WALLEYE
MICHIGAN,"SMELT, RAINBOW"
MICHIGAN,"CARP, COMMON"
MICHIGAN,CHUBS **
MICHIGAN,"CATFISH, CHANNEL"
MICHIGAN,"SALMON, CHINOOK"
MICHIGAN,"PERCH, YELLOW"
MICHIGAN,"TROUT, LAKE"
MICHIGAN,"WHITEFISH, LAKE"
MINNESOTA,SUCKERS **
MINNESOTA,CHUBS **
MINNESOTA,"SMELT, RAINBOW"
MINNESOTA,"HERRING, LAKE OR CISCO"
MISSISSIPPI,CRUSTACEANS **
MISSISSIPPI,DOLPHINFISH **
MISSISSIPPI,"CROAKER, ATLANTIC"
MISSISSIPPI,"SQUIDS, LOLIGINIDAE **"
MISSISSIPPI,"CATFISHES, SEA **"
MISSISSIPPI,TRIPLETAIL
MISSISSIPPI,"MACKEREL, SPANISH"
MISSISSIPPI,SPOT
MISSISSIPPI,"GROUPER, GAG"
MISSISSIPPI,"SHARKS, CHONDRICHTHYES (CLASS) **"
MISSISSIPPI,"SHRIMPS, ROCK **"
MISSISSIPPI,"CATFISHES-BULLHEADS, OTHER **"
MISSISSIPPI,"DRUM, BLACK"
MISSISSIPPI,SHEEPSHEAD
MISSISSIPPI,KINGFISHES **
MISSISSIPPI,"SEATROUT, SAND"
MISSISSIPPI,"DRUM, RED"
MISSISSIPPI,"SEATROUT, SPOTTED"
MISSISSIPPI,"MULLET, STRIPED"
MISSISSIPPI,FLATFISHES **
MISSISSIPPI,"SNAPPER, RED"
MISSISSIPPI,"VERTEBRATES, JAWED"
MISSISSIPPI,"SHRIMP, NORTHERN PINK"
MISSISSIPPI,"VERTEBRATES, JAWED"
MISSISSIPPI,"CRAB, BLUE"
MISSISSIPPI,"OYSTER, EASTERN"
MISSISSIPPI,"SHRIMP, NORTHERN WHITE"
MISSISSIPPI,MENHADENS **
MISSISSIPPI,"SHRIMP, NORTHERN BROWN"
NEW HAMPSHIRE,"RAVEN, SEA"
NEW HAMPSHIRE,CUNNER
NEW HAMPSHIRE,SHEEPSHEAD
NEW HAMPSHIRE,"POUT, OCEAN"
NEW HAMPSHIRE,"VERTEBRATES, JAWED"
NEW HAMPSHIRE,"SHARKS, CHONDRICHTHYES (CLASS) **"
NEW HAMPSHIRE,"CONCHS, TRUE **"
NEW HAMPSHIRE,"SQUID, SHORTFIN ILLEX"
NEW HAMPSHIRE,"CRABS, DECAPODA (ORDER) **"
NEW HAMPSHIRE,"SHAD, AMERICAN"
NEW HAMPSHIRE,"URCHINS, SEA, STRONGYLOCENTROTUS (GENUS) **"
NEW HAMPSHIRE,WINDOWPANE
NEW HAMPSHIRE,"SHARK, PORBEAGLE"
NEW HAMPSHIRE,"MACKEREL, ATLANTIC"
NEW HAMPSHIRE,HARVESTFISHES **
NEW HAMPSHIRE,"HAKES, RED AND WHITE **"
NEW HAMPSHIRE,"WOLFFISH, ATLANTIC"
NEW HAMPSHIRE,BLUEFISH
NEW HAMPSHIRE,"SKATES, RAJIDAE (FAMILY) **"
NEW HAMPSHIRE,"HALIBUT, ATLANTIC"
NEW HAMPSHIRE,"REDFISH, ACADIAN"
NEW HAMPSHIRE,"FLOUNDER, WINTER"
NEW HAMPSHIRE,CUSK
NEW HAMPSHIRE,"TUNA, BLUEFIN"
NEW HAMPSHIRE,"FLOUNDER, WITCH"
NEW HAMPSHIRE,"HAKE, SILVER"
NEW HAMPSHIRE,"FLOUNDER, AMERICAN PLAICE"
NEW HAMPSHIRE,HADDOCK
NEW HAMPSHIRE,"FLOUNDER, YELLOWTAIL"
NEW HAMPSHIRE,"HERRING, ATLANTIC"
NEW HAMPSHIRE,"HAKE, WHITE"
NEW HAMPSHIRE,"SHRIMPS, PENAEOID **"
NEW HAMPSHIRE,"CRAB, JONAH"
NEW HAMPSHIRE,CRUSTACEANS **
NEW HAMPSHIRE,"SHARK, DOGFISH, SPINY"
NEW HAMPSHIRE,POLLOCK
NEW HAMPSHIRE,"COD, ATLANTIC"
NEW HAMPSHIRE,GOOSEFISH
NEW HAMPSHIRE,"LOBSTER, AMERICAN"
NEW JERSEY,"SNAPPERS, LUTJANIDAE (FAMILY) **"
NEW JERSEY,"PUFFER, NORTHERN"
NEW JERSEY,"RUNNER, BLUE"
NEW JERSEY,CUNNER
NEW JERSEY,"SHAD, GIZZARD"
NEW JERSEY,DEALFISH
NEW JERSEY,TRIGGERFISHES **
NEW JERSEY,"HAKE, WHITE"
NEW JERSEY,"GROUPERS, SERRANIDAE (FAMILY) **"
NEW JERSEY,"CRABS, DECAPODA (ORDER) **"
NEW JERSEY,FLATFISHES **
NEW JERSEY,"POUT, OCEAN"
NEW JERSEY,"COD, ATLANTIC"
NEW JERSEY,"SHARK, BLACKTIP"
NEW JERSEY,POLLOCK
NEW JERSEY,SEAROBINS **
NEW JERSEY,"GROUPER, SNOWY"
NEW JERSEY,"CATFISHES-BULLHEADS, OTHER **"
NEW JERSEY,WAHOO
NEW JERSEY,COBIA
NEW JERSEY,"TILEFISH, BLUELINE"
NEW JERSEY,"MACKEREL, FRIGATE"
NEW JERSEY,"DORY, BUCKLER"
NEW JERSEY,"SHARK, SANDBAR"
NEW JERSEY,"MACKEREL, CHUB"
NEW JERSEY,CRUSTACEANS **
NEW JERSEY,"TUNA, SKIPJACK"
NEW JERSEY,"MACKEREL, KING AND CERO **"
NEW JERSEY,KINGFISHES **
NEW JERSEY,TUNAS **
NEW JERSEY,"TILEFISH, GOLDEN"
NEW JERSEY,SHARKS **
NEW JERSEY,"SHARK, THRESHER"
NEW JERSEY,SPOT
NEW JERSEY,"DRUM, BLACK"
NEW JERSEY,"MACKEREL, SPANISH"
NEW JERSEY,"CRAB, JONAH"
NEW JERSEY,"TUNA, LITTLE TUNNY"
NEW JERSEY,"FLOUNDER, YELLOWTAIL"
NEW JERSEY,"CRAB, ATLANTIC ROCK"
NEW JERSEY,"SHARKS, CHONDRICHTHYES (CLASS) **"
NEW JERSEY,"EEL, CONGER"
NEW JERSEY,WINDOWPANE
NEW JERSEY,DOLPHINFISH **
NEW JERSEY,"FLOUNDER, WITCH"
NEW JERSEY,"TUNA, BLUEFIN"
NEW JERSEY,"EEL, AMERICAN"
NEW JERSEY,TAUTOG
NEW JERSEY,"TUNA, ALBACORE"
NEW JERSEY,"SHARK, DUSKY"
NEW JERSEY,TILEFISHES **
NEW JERSEY,"BONITO, ATLANTIC"
NEW JERSEY,"PERCH, WHITE"
NEW JERSEY,"SHARKS, MAKO **"
NEW JERSEY,"HAKE, RED"
NEW JERSEY,"SHAD, AMERICAN"
NEW JERSEY,"SHARK, DOGFISH, SMOOTH"
NEW JERSEY,"SKATES, RAJIDAE (FAMILY) **"
NEW JERSEY,"CRAB, HORSESHOE"
NEW JERSEY,HARVESTFISHES **
NEW JERSEY,"HAKE, SILVER"
NEW JERSEY,"VERTEBRATES, JAWED"
NEW JERSEY,"CONCHS, TRUE **"
NEW JERSEY,BLUEFISH
NEW JERSEY,PORGIES **
NEW JERSEY,"FLOUNDER, WINTER"
NEW JERSEY,"CROAKER, ATLANTIC"
NEW JERSEY,WEAKFISH
NEW JERSEY,"TUNA, YELLOWFIN"
NEW JERSEY,"TUNA, BIGEYE"
NEW JERSEY,"OYSTER, EASTERN"
NEW JERSEY,"SHARK, DOGFISH, SPINY"
NEW JERSEY,"BASS, BLACK SEA"
NEW JERSEY,"MACKEREL, ATLANTIC"
NEW JERSEY,"SQUID, SHORTFIN ILLEX"
NEW JERSEY,SWORDFISH
NEW JERSEY,MENHADENS **
NEW JERSEY,"FLOUNDER, SUMMER"
NEW JERSEY,"SQUID, LONGFIN LOLIGO"
NEW JERSEY,"LOBSTER, AMERICAN"
NEW JERSEY,"CRAB, BLUE"
NEW JERSEY,"CLAM, QUAHOG, OCEAN"
NEW JERSEY,GOOSEFISH
NEW JERSEY,"CLAMS, QUAHOG, MERCENARIA **"
NEW JERSEY,"SCALLOP, SEA"
NEW JERSEY,"CLAM, SURF, ATLANTIC"
NEW YORK,"STARS, OTHER SEA **"
NEW YORK,AMBERJACKS **
NEW YORK,SPADEFISH
NEW YORK,"RUNNER, BLUE"
NEW YORK,"SHARK, BLACKTIP"
NEW YORK,"SHRIMPS, PENAEOID **"
NEW YORK,"TUNA, BLACKFIN"
NEW YORK,"WOLFFISH, ATLANTIC"
NEW YORK,"SHRIMP, NORTHERN BROWN"
NEW YORK,"TERRAPIN, DIAMONDBACK"
NEW YORK,"CRAB, RED DEEPSEA"
NEW YORK,LADYFISH
NEW YORK,"DRUM, BLACK"
NEW YORK,"HAKES, RED AND WHITE **"
NEW YORK,CUSK
NEW YORK,LUMPFISH
NEW YORK,GRENADIERS **
NEW YORK,"PERIWINKLES, ATLANTIC **"
NEW YORK,"BASS, ROCK"
NEW YORK,BURBOT
NEW YORK,"HERRING, BLUEBACK"
NEW YORK,"BASS, ROCK"
NEW YORK,OCTOPUSES **
NEW YORK,"ROSEFISH, BLACKBELLY"
NEW YORK,"MACKEREL, CHUB"
NEW YORK,"CROAKER, ATLANTIC"
NEW YORK,BURBOT
NEW YORK,"SHARK, NURSE"
NEW YORK,"MULLET, STRIPED"
NEW YORK,"TOADFISHES, BATRACHOIDIDAE (FAMILY) **"
NEW YORK,COBIA
NEW YORK,"TUNA, SKIPJACK"
NEW YORK,"SMELT, RAINBOW"
NEW YORK,SPOT
NEW YORK,"SHARK, PORBEAGLE"
NEW YORK,"SHARK, DUSKY"
NEW YORK,"SHARK, ANGEL, ATLANTIC"
NEW YORK,"LANCE, AMERICAN SAND"
NEW YORK,CRAPPIES **
NEW YORK,POLLOCK
NEW YORK,"SHARKS, MAKO **"
NEW YORK,CRAPPIES **
NEW YORK,"JACK, CREVALLE"
NEW YORK,"SHARK, THRESHER"
NEW YORK,"SHRIMPS, MANTIS **"
NEW YORK,SCALLOPS **
NEW YORK,"SHARKS, DOGFISH **"
NEW YORK,"RAVEN, SEA"
NEW YORK,WAHOO
NEW YORK,SUNFISHES **
NEW YORK,"MUSSEL, SEA"
NEW YORK,"PUFFER, NORTHERN"
NEW YORK,CLAMS **
NEW YORK,ESCOLAR
NEW YORK,"SHARKS, CHONDRICHTHYES (CLASS) **"
NEW YORK,"CARP, COMMON"
NEW YORK,OPAH
NEW YORK,"DRUM, RED"
NEW YORK,SUNFISHES **
NEW YORK,TRIGGERFISHES **
NEW YORK,"EEL, AMERICAN"
NEW YORK,"FLOUNDER, AMERICAN PLAICE"
NEW YORK,"MACKEREL, KING AND CERO **"
NEW YORK,FLATFISHES **
NEW YORK,"CRABS, DECAPODA (ORDER) **"
NEW YORK,"REDFISH, ACADIAN"
NEW YORK,"BULLHEAD, BROWN"
NEW YORK,"CRAB, ATLANTIC ROCK"
NEW YORK,"CATFISHES, FORKTAIL **"
NEW YORK,SEAROBINS **
NEW YORK,KINGFISHES **
NEW YORK,"SHARK, DOGFISH, SMOOTH"
NEW YORK,"POUT, OCEAN"
NEW YORK,"SHAD, AMERICAN"
NEW YORK,"DORY, BUCKLER"
NEW YORK,"VERTEBRATES, JAWED"
NEW YORK,CUNNER
NEW YORK,HADDOCK
NEW YORK,"HAKE, WHITE"
NEW YORK,"HERRING, ATLANTIC"
NEW YORK,"EEL, CONGER"
NEW YORK,"SHARK, MAKO, SHORTFIN"
NEW YORK,"FLOUNDER, WITCH"
NEW YORK,"TUNA, LITTLE TUNNY"
NEW YORK,DOLPHINFISH **
NEW YORK,"CONCHS, TRUE **"
NEW YORK,"PERCH, WHITE"
NEW YORK,"TUNA, BLUEFIN"
NEW YORK,"BONITO, ATLANTIC"
NEW YORK,"SILVERSIDES, ATHERINIDAE (FAMILY) **"
NEW YORK,"CRAB, JONAH"
NEW YORK,"TUNA, ALBACORE"
NEW YORK,WINDOWPANE
NEW YORK,"TILEFISH, GOLDEN"
NEW YORK,"MACKEREL, SPANISH"
NEW YORK,"CRAB, HORSESHOE"
NEW YORK,"SCALLOP, BAY"
NEW YORK,"MACKEREL, ATLANTIC"
NEW YORK,TUNAS **
NEW YORK,"PERCH, YELLOW"
NEW YORK,MENHADENS **
NEW YORK,TAUTOG
NEW YORK,"PERCH, YELLOW"
NEW YORK,"COD, ATLANTIC"
NEW YORK,"SKATES, RAJIDAE (FAMILY) **"
NEW YORK,"SCALLOP, SEA"
NEW YORK,"CLAM, RAZOR, ATLANTIC"
NEW YORK,"BASS, BLACK SEA"
NEW YORK,"HAKE, RED"
NEW YORK,WEAKFISH
NEW YORK,"SHARK, DOGFISH, SPINY"
NEW YORK,"TUNA, YELLOWFIN"
NEW YORK,"TUNA, BIGEYE"
NEW YORK,HARVESTFISHES **
NEW YORK,SWORDFISH
NEW YORK,"FLOUNDER, YELLOWTAIL"
NEW YORK,BLUEFISH
NEW YORK,"CRAB, BLUE"
NEW YORK,"CLAM, SOFT"
NEW YORK,PORGIES **
NEW YORK,GOOSEFISH
NEW YORK,"FLOUNDER, WINTER"
NEW YORK,"OYSTER, EASTERN"
NEW YORK,"BASS, STRIPED"
NEW YORK,TILEFISHES **
NEW YORK,"FLOUNDER, SUMMER"
NEW YORK,"HAKE, SILVER"
NEW YORK,"CLAM, SURF, ATLANTIC"
NEW YORK,"SQUID, LONGFIN LOLIGO"
NEW YORK,"LOBSTER, AMERICAN"
NEW YORK,"CLAMS, QUAHOG, MERCENARIA **"
NORTH CAROLINA,"PERCH, SAND"
NORTH CAROLINA,"TUNA, SKIPJACK"
NORTH CAROLINA,SEAROBINS **
NORTH CAROLINA,"SNAPPERS, LUTJANIDAE (FAMILY) **"
NORTH CAROLINA,LOOKDOWN
NORTH CAROLINA,"TOADFISHES, BATRACHOIDIDAE (FAMILY) **"
NORTH CAROLINA,"BASS, ROCK SEA"
NORTH CAROLINA,"FLOUNDER, WITCH"
NORTH CAROLINA,PORGIES **
NORTH CAROLINA,BOWFIN
NORTH CAROLINA,BIGEYE
NORTH CAROLINA,TRIPLETAIL
NORTH CAROLINA,LADYFISH
NORTH CAROLINA,GARFISHES **
NORTH CAROLINA,"RUNNER, BLUE"
NORTH CAROLINA,"SHARK, TIGER"
NORTH CAROLINA,TAUTOG
NORTH CAROLINA,SQUIRRELFISHES **
NORTH CAROLINA,"HAKES, RED AND WHITE **"
NORTH CAROLINA,"SHARKS, HAMMERHEAD **"
NORTH CAROLINA,"TURTLES, SNAPPING"
NORTH CAROLINA,"JACK, CREVALLE"
NORTH CAROLINA,"BARRACUDAS, SPHYRAENIDAE (FAMILY) **"
NORTH CAROLINA,"RUDDERFISH, BANDED"
NORTH CAROLINA,"POMPANO, AFRICAN"
NORTH CAROLINA,"SNAPPER, MUTTON"
NORTH CAROLINA,"SEATROUT, SAND"
NORTH CAROLINA,"TUNA, ALBACORE"
NORTH CAROLINA,"GROUPER, YELLOWFIN"
NORTH CAROLINA,"CARP, COMMON"
NORTH CAROLINA,"SHARK, DUSKY"
NORTH CAROLINA,"EEL, CONGER"
NORTH CAROLINA,"PUFFER, NORTHERN"
NORTH CAROLINA,"MACKEREL, ATLANTIC"
NORTH CAROLINA,"SNAPPER, SILK"
NORTH CAROLINA,SKIPPERS **
NORTH CAROLINA,"TUNA, BLACKFIN"
NORTH CAROLINA,"GROUPERS, SERRANIDAE (FAMILY) **"
NORTH CAROLINA,"CRAB, FLORIDA STONE"
NORTH CAROLINA,"JACK, ALMACO"
NORTH CAROLINA,"SKATES, RAJIDAE (FAMILY) **"
NORTH CAROLINA,"CUTLASSFISH, ATLANTIC"
NORTH CAROLINA,PIGFISH
NORTH CAROLINA,"CRAB, HORSESHOE"
NORTH CAROLINA,"SHARK, SHARPNOSE, ATLANTIC"
NORTH CAROLINA,PINFISH
NORTH CAROLINA,"ROSEFISH, BLACKBELLY"
NORTH CAROLINA,"PORGY, KNOBBED"
NORTH CAROLINA,"GROUPER, YELLOWEDGE"
NORTH CAROLINA,SPADEFISH
NORTH CAROLINA,"PORGY, RED"
NORTH CAROLINA,"SHAD, HICKORY"
NORTH CAROLINA,HOGFISH
NORTH CAROLINA,CLAMS **
NORTH CAROLINA,"PINFISH, SPOTTAIL"
NORTH CAROLINA,"SHARK, BLACKTIP"
NORTH CAROLINA,CRUSTACEANS **
NORTH CAROLINA,"TUNA, LITTLE TUNNY"
NORTH CAROLINA,"BONITO, ATLANTIC"
NORTH CAROLINA,"SHARK, THRESHER"
NORTH CAROLINA,"SHAD, GIZZARD"
NORTH CAROLINA,OCTOPUSES **
NORTH CAROLINA,"SNAPPER, RED"
NORTH CAROLINA,"POMPANO, FLORIDA"
NORTH CAROLINA,"DRUM, BLACK"
NORTH CAROLINA,"HIND, RED"
NORTH CAROLINA,"SQUIDS, LOLIGINIDAE **"
NORTH CAROLINA,SHEEPSHEAD
NORTH CAROLINA,"CONCHS, TRUE **"
NORTH CAROLINA,"SQUID, SHORTFIN ILLEX"
NORTH CAROLINA,COBIA
NORTH CAROLINA,"TILEFISH, GOLDEN"
NORTH CAROLINA,WAHOO
NORTH CAROLINA,"TILEFISH, BLUELINE"
NORTH CAROLINA,TUNAS **
NORTH CAROLINA,"GRUNTS, HAEMULIDAE (FAMILY) **"
NORTH CAROLINA,MINNOWS **
NORTH CAROLINA,AMBERJACKS **
NORTH CAROLINA,"SCALLOP, BAY"
NORTH CAROLINA,"SHARK, MAKO, SHORTFIN"
NORTH CAROLINA,"SHARK, DOGFISH, SMOOTH"
NORTH CAROLINA,TRIGGERFISHES **
NORTH CAROLINA,"SHARKS, CHONDRICHTHYES (CLASS) **"
NORTH CAROLINA,HARVESTFISHES **
NORTH CAROLINA,"HARVESTFISH, NORTHERN"
NORTH CAROLINA,"PERCH, YELLOW"
NORTH CAROLINA,"CATFISHES, BULLHEAD **"
NORTH CAROLINA,"VERTEBRATES, JAWED"
NORTH CAROLINA,ALEWIFE
NORTH CAROLINA,"PERCH, WHITE"
NORTH CAROLINA,"SCALLOP, SEA"
NORTH CAROLINA,"SHARK, SANDBAR"
NORTH CAROLINA,"CATFISHES-BULLHEADS, OTHER **"
NORTH CAROLINA,"EEL, AMERICAN"
NORTH CAROLINA,SHARKS **
NORTH CAROLINA,"TUNA, BIGEYE"
NORTH CAROLINA,SCAMP
NORTH CAROLINA,"SHAD, AMERICAN"
NORTH CAROLINA,"DRUM, RED"
NORTH CAROLINA,DOLPHINFISH **
NORTH CAROLINA,"GROUPER, GAG"
NORTH CAROLINA,"SHRIMP, NORTHERN PINK"
NORTH CAROLINA,"GROUPER, SNOWY"
NORTH CAROLINA,"GROUPER, RED"
NORTH CAROLINA,"SEATROUT, SPOTTED"
NORTH CAROLINA,"BASS, STRIPED"
NORTH CAROLINA,"MACKEREL, SPANISH"
NORTH CAROLINA,KINGFISHES **
NORTH CAROLINA,"SHARK, DOGFISH, SPINY"
NORTH CAROLINA,"OYSTER, EASTERN"
NORTH CAROLINA,SWORDFISH
NORTH CAROLINA,"SHRIMPS, PENAEOID **"
NORTH CAROLINA,GOOSEFISH
NORTH CAROLINA,"BASS, BLACK SEA"
NORTH CAROLINA,WEAKFISH
NORTH CAROLINA,BLUEFISH
NORTH CAROLINA,SPOT
NORTH CAROLINA,"TUNA, BLUEFIN"
NORTH CAROLINA,"SNAPPER, VERMILION"
NORTH CAROLINA,"MULLET, STRIPED"
NORTH CAROLINA,"MACKEREL, KING AND CERO **"
NORTH CAROLINA,"TUNA, YELLOWFIN"
NORTH CAROLINA,"CROAKER, ATLANTIC"
NORTH CAROLINA,MENHADENS **
NORTH CAROLINA,"CLAMS, QUAHOG, MERCENARIA **"
NORTH CAROLINA,"FLOUNDER, SOUTHERN"
NORTH CAROLINA,"FLOUNDER, SUMMER"
NORTH CAROLINA,"SHRIMP, NORTHERN WHITE"
NORTH CAROLINA,"SHRIMP, NORTHERN BROWN"
NORTH CAROLINA,"CRAB, BLUE"
OHIO,"SHAD, GIZZARD"
OHIO,SUCKERS **
OHIO,GOLDFISH
OHIO,"BULLHEAD, BROWN"
OHIO,QUILLBACK
OHIO,"WHITEFISH, LAKE"
OHIO,"DRUM, FRESHWATER"
OHIO,BUFFALOFISHES **
OHIO,"CARP, COMMON"
OHIO,"PERCH, WHITE"
OHIO,"CATFISH, CHANNEL"
OHIO,"BASS, WHITE"
OHIO,"PERCH, YELLOW"
OREGON,"SALMON, CHUM"
OREGON,SCULPINS **
OREGON,"CLAM, SOFT"
OREGON,"SOLE, BUTTER"
OREGON,"SOLE, ROCK"
OREGON,"SHARK, BLUE"
OREGON,"SHARKS, CHONDRICHTHYES (CLASS) **"
OREGON,"SOLE, CURLFIN"
OREGON,"HERRING, PACIFIC"
OREGON,"MUSSEL, CALIFORNIA"
OREGON,CRUSTACEANS **
OREGON,"SHARK, THRESHER"
OREGON,"CRAB, RED ROCK"
OREGON,"SHARK, TOPE"
OREGON,"CLAM, PACIFIC LITTLENECK"
OREGON,ECHINODERM **
OREGON,"CRABS, DECAPODA (ORDER) **"
OREGON,WOLF-EEL
OREGON,"CLAM, PACIFIC, GAPER **"
OREGON,"SOLE, FLATHEAD"
OREGON,"CLAM, PACIFIC RAZOR"
OREGON,"SQUIDS, LOLIGINIDAE **"
OREGON,"TROUT, RAINBOW"
OREGON,OCTOPUSES **
OREGON,"ROCKFISH, SHORTBELLY"
OREGON,"MACKEREL, CHUB"
OREGON,"ROCKFISH, BLUE"
OREGON,"STURGEON, GREEN"
OREGON,"SHARK, DOGFISH, SPINY"
OREGON,"BUTTERCLAM, WASHINGTON"
OREGON,"VERTEBRATES, JAWED"
OREGON,"COD, PACIFIC"
OREGON,"SHAD, AMERICAN"
OREGON,JACK MACKEREL
OREGON,"FLOUNDER, STARRY"
OREGON,"COCKLE, NUTTALL"
OREGON,SCALLOPS **
OREGON,GRENADIERS **
OREGON,"SHRIMP, BLUE MUD"
OREGON,"CRAB, SNOW/TANNER **"
OREGON,"ROCKFISH, CANARY"
OREGON,HAGFISHES **
OREGON,"SMELT, EULACHON"
OREGON,"SOLE, SAND"
OREGON,"FLOUNDER,PACIFIC,SANDDAB"
OREGON,"ROCKFISH, PACIFIC OCEAN PERCH"
OREGON,"SHRIMP, GHOST **"
OREGON,"GREENLING, KELP"
OREGON,LINGCOD
OREGON,CABEZON
OREGON,"ROCKFISH, BLACK"
OREGON,"SOLE, ENGLISH"
OREGON,"SOLE, REX"
OREGON,"FLOUNDER, ARROWTOOTH"
OREGON,"SKATES, RAJIDAE (FAMILY) **"
OREGON,"STURGEON, WHITE"
OREGON,"SHRIMPS, PENAEID **"
OREGON,"SALMON, COHO"
OREGON,"THORNYHEAD, SHORTSPINE"
OREGON,"URCHINS, SEA, STRONGYLOCENTROTUS (GENUS) **"
OREGON,"HALIBUT, PACIFIC"
OREGON,"SARDINE, PACIFIC"
OREGON,"SOLE, PETRALE"
OREGON,"ROCKFISH, YELLOWTAIL"
OREGON,ROCKFISHES **
OREGON,"ROCKFISH, WIDOW"
OREGON,"SALMON, CHINOOK"
OREGON,"OYSTER, PACIFIC"
OREGON,"SOLE, DOVER"
OREGON,"HAKE, PACIFIC (WHITING)"
OREGON,"TUNA, ALBACORE"
OREGON,SABLEFISH
OREGON,"SHRIMP, OCEAN"
OREGON,"CRAB, DUNGENESS"
PENNSYLVANIA,"WHITEFISH, LAKE"
PENNSYLVANIA,"DRUM, FRESHWATER"
PENNSYLVANIA,WALLEYE
PENNSYLVANIA,"BULLHEAD, BROWN"
PENNSYLVANIA,SUCKERS **
PENNSYLVANIA,"PERCH, WHITE"
PENNSYLVANIA,"CATFISH, CHANNEL"
PENNSYLVANIA,"BASS, WHITE"
PENNSYLVANIA,BURBOT
PENNSYLVANIA,"PERCH, YELLOW"
PENNSYLVANIA,MINNOWS **
RHODE ISLAND,LADYFISH
RHODE ISLAND,"NEEDLEFISH, ATLANTIC"
RHODE ISLAND,"TOADFISHES, BATRACHOIDIDAE (FAMILY) **"
RHODE ISLAND,"SILVERSIDES, ATHERINIDAE (FAMILY) **"
RHODE ISLAND,SHEEPSHEAD
RHODE ISLAND,"MULLET, STRIPED"
RHODE ISLAND,AMBERJACKS **
RHODE ISLAND,"CROAKER, ATLANTIC"
RHODE ISLAND,"JACK, CREVALLE"
RHODE ISLAND,DRUMS **
RHODE ISLAND,"TUNA, SKIPJACK"
RHODE ISLAND,COBIA
RHODE ISLAND,"URCHINS, SEA, STRONGYLOCENTROTUS (GENUS) **"
RHODE ISLAND,STURGEONS **
RHODE ISLAND,"MACKEREL, SPANISH"
RHODE ISLAND,KINGFISHES **
RHODE ISLAND,"HERRING, BLUEBACK"
RHODE ISLAND,WAHOO
RHODE ISLAND,"MACKEREL, KING AND CERO **"
RHODE ISLAND,TRIGGERFISHES **
RHODE ISLAND,FLATFISHES **
RHODE ISLAND,"SHARK, DOGFISH, SMOOTH"
RHODE ISLAND,"HAKES, RED AND WHITE **"
RHODE ISLAND,SEAROBINS **
RHODE ISLAND,"RAVEN, SEA"
RHODE ISLAND,"POUT, OCEAN"
RHODE ISLAND,"HALIBUT, ATLANTIC"
RHODE ISLAND,"SHARKS, CHONDRICHTHYES (CLASS) **"
RHODE ISLAND,"SHAD, HICKORY"
RHODE ISLAND,CUSK
RHODE ISLAND,"REDFISH, ACADIAN"
RHODE ISLAND,"MACKEREL, FRIGATE"
RHODE ISLAND,ESCOLAR
RHODE ISLAND,CUNNER
RHODE ISLAND,DOLPHINFISH **
RHODE ISLAND,"SHAD, AMERICAN"
RHODE ISLAND,"SHARKS, MAKO **"
RHODE ISLAND,"WOLFFISH, ATLANTIC"
RHODE ISLAND,"DORY, BUCKLER"
RHODE ISLAND,"BONITO, ATLANTIC"
RHODE ISLAND,"EEL, CONGER"
RHODE ISLAND,"PERIWINKLES, ATLANTIC **"
RHODE ISLAND,"SHARKS, DOGFISH **"
RHODE ISLAND,POLLOCK
RHODE ISLAND,MENHADENS **
RHODE ISLAND,WINDOWPANE
RHODE ISLAND,"CRAB, ATLANTIC ROCK"
RHODE ISLAND,"HAKE, WHITE"
RHODE ISLAND,CRUSTACEANS **
RHODE ISLAND,"SHRIMP, MARINE **"
RHODE ISLAND,"SHARK, DOGFISH, SPINY"
RHODE ISLAND,TAUTOG
RHODE ISLAND,"CRAB, JONAH"
RHODE ISLAND,BLUEFISH
RHODE ISLAND,HADDOCK
RHODE ISLAND,"BASS, BLACK SEA"
RHODE ISLAND,"CLAM, SOFT"
RHODE ISLAND,WEAKFISH
RHODE ISLAND,"FLOUNDER, AMERICAN PLAICE"
RHODE ISLAND,"FLOUNDER, WITCH"
RHODE ISLAND,"BASS, STRIPED"
RHODE ISLAND,"HAKE, RED"
RHODE ISLAND,TILEFISHES **
RHODE ISLAND,TUNAS **
RHODE ISLAND,"VERTEBRATES, JAWED"
RHODE ISLAND,"MACKEREL, ATLANTIC"
RHODE ISLAND,HARVESTFISHES **
RHODE ISLAND,"OYSTER, EASTERN"
RHODE ISLAND,"COD, ATLANTIC"
RHODE ISLAND,CLAMS **
RHODE ISLAND,"SKATES, RAJIDAE (FAMILY) **"
RHODE ISLAND,PORGIES **
RHODE ISLAND,"SCALLOP, SEA"
RHODE ISLAND,"CRABS, DECAPODA (ORDER) **"
RHODE ISLAND,"FLOUNDER, WINTER"
RHODE ISLAND,"FLOUNDER, YELLOWTAIL"
RHODE ISLAND,"SQUIDS, LOLIGINIDAE **"
RHODE ISLAND,"HERRING, ATLANTIC"
RHODE ISLAND,"HAKE, SILVER"
RHODE ISLAND,"FLOUNDER, SUMMER"
RHODE ISLAND,GOOSEFISH
RHODE ISLAND,"CLAMS, QUAHOG, MERCENARIA **"
RHODE ISLAND,"SQUID, LONGFIN LOLIGO"
RHODE ISLAND,"LOBSTER, AMERICAN"
SOUTH CAROLINA,"POMPANO, FLORIDA"
SOUTH CAROLINA,"PINFISH, SPOTTAIL"
SOUTH CAROLINA,"MULLET, STRIPED"
SOUTH CAROLINA,"SNAPPER, GRAY"
SOUTH CAROLINA,OCTOPUSES **
SOUTH CAROLINA,"BARRACUDAS, SPHYRAENIDAE (FAMILY) **"
SOUTH CAROLINA,"CONCHS, TRUE **"
SOUTH CAROLINA,"TUNA, BLACKFIN"
SOUTH CAROLINA,SHEEPSHEAD
SOUTH CAROLINA,SPOT
SOUTH CAROLINA,"SQUIDS, LOLIGINIDAE **"
SOUTH CAROLINA,"GRUNTS, HAEMULIDAE (FAMILY) **"
SOUTH CAROLINA,"GROUPER, YELLOWFIN"
SOUTH CAROLINA,"SNAPPER, CUBERA"
SOUTH CAROLINA,"SNAPPER, MUTTON"
SOUTH CAROLINA,COBIA
SOUTH CAROLINA,"SHRIMP, NORTHERN PINK"
SOUTH CAROLINA,"POMPANO, AFRICAN"
SOUTH CAROLINA,"SHARK, MAKO, SHORTFIN"
SOUTH CAROLINA,RUDDERFISH **
SOUTH CAROLINA,"FLOUNDER, SOUTHERN"
SOUTH CAROLINA,"GRUNT, WHITE"
SOUTH CAROLINA,"CATFISHES-BULLHEADS, OTHER **"
SOUTH CAROLINA,"PORGY, RED"
SOUTH CAROLINA,"CRAB, FLORIDA STONE"
SOUTH CAROLINA,WAHOO
SOUTH CAROLINA,"PORGY, KNOBBED"
SOUTH CAROLINA,"TILEFISH, BLUELINE"
SOUTH CAROLINA,HOGFISH
SOUTH CAROLINA,"GROUPERS, SERRANIDAE (FAMILY) **"
SOUTH CAROLINA,"SHARKS, CHONDRICHTHYES (CLASS) **"
SOUTH CAROLINA,"SNAPPER, RED"
SOUTH CAROLINA,"TUNA, YELLOWFIN"
SOUTH CAROLINA,KINGFISHES **
SOUTH CAROLINA,"HIND, ROCK"
SOUTH CAROLINA,TRIGGERFISHES **
SOUTH CAROLINA,AMBERJACKS **
SOUTH CAROLINA,DOLPHINFISH **
SOUTH CAROLINA,"MACKEREL, KING AND CERO **"
SOUTH CAROLINA,"GROUPER, RED"
SOUTH CAROLINA,"BASS, BLACK SEA"
SOUTH CAROLINA,"GROUPER, SNOWY"
SOUTH CAROLINA,"CRAB, HORSESHOE"
SOUTH CAROLINA,"SHRIMPS, PENAEOID **"
SOUTH CAROLINA,"SHAD, AMERICAN"
SOUTH CAROLINA,SCAMP
SOUTH CAROLINA,"GROUPER, GAG"
SOUTH CAROLINA,"VERTEBRATES, JAWED"
SOUTH CAROLINA,SWORDFISH
SOUTH CAROLINA,"OYSTER, EASTERN"
SOUTH CAROLINA,"SNAPPER, VERMILION"
SOUTH CAROLINA,"CLAMS, QUAHOG, MERCENARIA **"
SOUTH CAROLINA,"SHRIMP, NORTHERN BROWN"
SOUTH CAROLINA,"CRAB, BLUE"
SOUTH CAROLINA,"SHRIMP, NORTHERN WHITE"
TEXAS,PORGIES **
TEXAS,"SEATROUT, SAND"
TEXAS,"EELS, SNAKE **"
TEXAS,"SNAPPERS, LUTJANIDAE (FAMILY) **"
TEXAS,"POMPANO, FLORIDA"
TEXAS,"BARRACUDAS, SPHYRAENIDAE (FAMILY) **"
TEXAS,"TUNA, BLACKFIN"
TEXAS,"SNAPPER, SILK"
TEXAS,"SHARKS, CHONDRICHTHYES (CLASS) **"
TEXAS,KINGFISHES **
TEXAS,"SHARK, MAKO, SHORTFIN"
TEXAS,"RUNNER, BLUE"
TEXAS,"GROUPER, BLACK"
TEXAS,COBIA
TEXAS,"TRIGGERFISH, GRAY"
TEXAS,WAHOO
TEXAS,OILFISH
TEXAS,SCAMP
TEXAS,HERRINGS **
TEXAS,"VERTEBRATES, JAWED"
TEXAS,"SQUIDS, LOLIGINIDAE **"
TEXAS,SHEEPSHEAD
TEXAS,DOLPHINFISH **
TEXAS,"GROUPERS, SERRANIDAE (FAMILY) **"
TEXAS,MULLETS **
TEXAS,"GROUPER, WARSAW"
TEXAS,"SHRIMP, ROYAL RED"
TEXAS,MINNOWS **
TEXAS,"CUTLASSFISH, ATLANTIC"
TEXAS,"MACKEREL, KING"
TEXAS,"AMBERJACK, GREATER"
TEXAS,"TILEFISH, GOLDEN"
TEXAS,"VERTEBRATES, JAWED"
TEXAS,"SHRIMP, ROUGHNECK **"
TEXAS,SWORDFISH
TEXAS,"CRAB, FLORIDA STONE"
TEXAS,"GROUPER, YELLOWEDGE"
TEXAS,"SHRIMPS, ROCK **"
TEXAS,"SHRIMP, ATLANIC SEABOB"
TEXAS,"SHRIMP, NORTHERN PINK"
TEXAS,"CROAKER, ATLANTIC"
TEXAS,FLATFISHES **
TEXAS,"SNAPPER, VERMILION"
TEXAS,"TUNA, YELLOWFIN"
TEXAS,"DRUM, BLACK"
TEXAS,"SNAPPER, RED"
TEXAS,"CRAB, BLUE"
TEXAS,"SHRIMP, MARINE **"
TEXAS,"OYSTER, EASTERN"
TEXAS,"SHRIMP, NORTHERN WHITE"
TEXAS,"SHRIMP, NORTHERN BROWN"
VIRGINIA,"FLOUNDER, SOUTHERN"
VIRGINIA,"HAKE, WHITE"
VIRGINIA,"SHARK, LEMON"
VIRGINIA,"CRAB, JONAH"
VIRGINIA,"SHARK, PORBEAGLE"
VIRGINIA,GARFISHES **
VIRGINIA,"HAKE, SILVER"
VIRGINIA,"COD, ATLANTIC"
VIRGINIA,"HAKE, RED"
VIRGINIA,"FLOUNDER, WITCH"
VIRGINIA,TRIGGERFISHES **
VIRGINIA,"HERRING, BLUEBACK"
VIRGINIA,"MACKEREL, KING AND CERO **"
VIRGINIA,PIGFISH
VIRGINIA,"DORY, BUCKLER"
VIRGINIA,OCTOPUSES **
VIRGINIA,"FLOUNDER, WINTER"
VIRGINIA,SHEEPSHEAD
VIRGINIA,"POMPANO, FLORIDA"
VIRGINIA,"SHAD, HICKORY"
VIRGINIA,PORGIES **
VIRGINIA,"LOBSTER, AMERICAN"
VIRGINIA,"CARP, COMMON"
VIRGINIA,"MULLET, STRIPED"
VIRGINIA,"TOADFISHES, BATRACHOIDIDAE (FAMILY) **"
VIRGINIA,TUNAS **
VIRGINIA,"CATFISHES, FORKTAIL **"
VIRGINIA,ALEWIFE
VIRGINIA,"FLOUNDER, YELLOWTAIL"
VIRGINIA,"DRUM, RED"
VIRGINIA,"SHAD, GIZZARD"
VIRGINIA,"SHARK, SANDBAR"
VIRGINIA,COBIA
VIRGINIA,SPADEFISH
VIRGINIA,DEALFISH
VIRGINIA,TAUTOG
VIRGINIA,"DRUM, BLACK"
VIRGINIA,"SEATROUT, SPOTTED"
VIRGINIA,"CLAM, ARK, BLOOD"
VIRGINIA,"SHARKS, DOGFISH **"
VIRGINIA,KINGFISHES **
VIRGINIA,"HARVESTFISH, NORTHERN"
VIRGINIA,"PUFFER, NORTHERN"
VIRGINIA,"SQUIDS, LOLIGINIDAE **"
VIRGINIA,"PERCH, YELLOW"
VIRGINIA,"PERCH, WHITE"
VIRGINIA,"SKATES, RAJIDAE (FAMILY) **"
VIRGINIA,"SHARKS, CHONDRICHTHYES (CLASS) **"
VIRGINIA,"SHARK, DOGFISH, SMOOTH"
VIRGINIA,HARVESTFISHES **
VIRGINIA,"SHAD, AMERICAN"
VIRGINIA,"CRAB, HORSESHOE"
VIRGINIA,"SQUID, LONGFIN LOLIGO"
VIRGINIA,"EEL, AMERICAN"
VIRGINIA,"MACKEREL, SPANISH"
VIRGINIA,BLUEFISH
VIRGINIA,"SHARK, DOGFISH, SPINY"
VIRGINIA,"CATFISHES-BULLHEADS, OTHER **"
VIRGINIA,"VERTEBRATES, JAWED"
VIRGINIA,"OYSTER, EASTERN"
VIRGINIA,GOOSEFISH
VIRGINIA,WEAKFISH
VIRGINIA,"BASS, BLACK SEA"
VIRGINIA,"CONCHS, TRUE **"
VIRGINIA,SPOT
VIRGINIA,"CLAMS, QUAHOG, MERCENARIA **"
VIRGINIA,"FLOUNDER, SUMMER"
VIRGINIA,"BASS, STRIPED"
VIRGINIA,"CROAKER, ATLANTIC"
VIRGINIA,"CRAB, BLUE"
VIRGINIA,MENHADENS **
VIRGINIA,"SCALLOP, SEA"
WASHINGTON,"SHARK, BLUE"
WASHINGTON,"SHARKS, CHONDRICHTHYES (CLASS) **"
WASHINGTON,CRUSTACEANS **
WASHINGTON,CLAMS **
WASHINGTON,"SHARK, TOPE"
WASHINGTON,SCALLOPS **
WASHINGTON,OCTOPUSES **
WASHINGTON,"SALMON, PINK"
WASHINGTON,JACK MACKEREL
WASHINGTON,"FLOUNDER, PACIFIC, SANDDAB **"
WASHINGTON,SCULPINS **
WASHINGTON,"SOLE, SAND"
WASHINGTON,"ROCKFISH, CANARY"
WASHINGTON,"SOLE, ROCK"
WASHINGTON,FLATFISHES **
WASHINGTON,"VERTEBRATES, JAWED"
WASHINGTON,"STURGEON, GREEN"
WASHINGTON,"SMELT, EULACHON"
WASHINGTON,"SHAD, AMERICAN"
WASHINGTON,"SOLE, REX"
WASHINGTON,"BUTTERCLAM, WASHINGTON"
WASHINGTON,"FLOUNDER, STARRY"
WASHINGTON,LINGCOD
WASHINGTON,"ANCHOVY, NORTHERN"
WASHINGTON,"SKATES, RAJIDAE (FAMILY) **"
WASHINGTON,SMELTS **
WASHINGTON,"CLAM, PACIFIC RAZOR"
WASHINGTON,"THORNYHEAD, SHORTSPINE"
WASHINGTON,"SHARK, THRESHER"
WASHINGTON,"OYSTER, OLYMPIA"
WASHINGTON,"SHRIMP, BRINE"
WASHINGTON,"CLAM, PACIFIC LITTLENECK"
WASHINGTON,"HERRING, PACIFIC"
WASHINGTON,"TROUT, RAINBOW"
WASHINGTON,"SHARK, DOGFISH, SPINY"
WASHINGTON,"STURGEON, WHITE"
WASHINGTON,"OYSTER, EDIBLE"
WASHINGTON,ROCKFISHES **
WASHINGTON,"ROCKFISH, WIDOW"
WASHINGTON,"COD, PACIFIC"
WASHINGTON,"SOLE, ENGLISH"
WASHINGTON,"FLOUNDER, ARROWTOOTH"
WASHINGTON,"SALMON, PACIFIC **"
WASHINGTON,"SOLE, DOVER"
WASHINGTON,"SARDINE, PACIFIC"
WASHINGTON,"URCHINS, SEA, STRONGYLOCENTROTUS (GENUS) **"
WASHINGTON,"ROCKFISH, YELLOWTAIL"
WASHINGTON,"CUCUMBERS, SEA **"
WASHINGTON,"SOLE, PETRALE"
WASHINGTON,"HAKE, PACIFIC (WHITING)"
WASHINGTON,"SALMON, CHUM"
WASHINGTON,"SHRIMPS, PENAEID **"
WASHINGTON,"SALMON, COHO"
WASHINGTON,"SHRIMP, OCEAN"
WASHINGTON,"SALMON, CHINOOK"
WASHINGTON,"MUSSEL, SEA"
WASHINGTON,"SALMON, SOCKEYE"
WASHINGTON,"TUNA, ALBACORE"
WASHINGTON,SABLEFISH
WASHINGTON,"HALIBUT, PACIFIC"
WASHINGTON,"CLAM, MANILA"
WASHINGTON,"CLAM, PACIFIC GEODUCK"
WASHINGTON,"OYSTER, PACIFIC"
WASHINGTON,"CRAB, DUNGENESS"
WISCONSIN,"BASS, WHITE"
WISCONSIN,"BULLHEAD, BROWN"
WISCONSIN,"PERCH, WHITE"
WISCONSIN,SUCKERS **
WISCONSIN,"SHAD, GIZZARD"
WISCONSIN,"WHITEFISH, ROUND"
WISCONSIN,BURBOT
WISCONSIN,ALEWIFE
WISCONSIN,"TROUT, LAKE"
WISCONSIN,"HERRING, LAKE OR CISCO"
WISCONSIN,"PERCH, YELLOW"
WISCONSIN,"SMELT, RAINBOW"
WISCONSIN,CHUBS **
WISCONSIN,"WHITEFISH, LAKE"
US Total,ALEWIFE
US Total,"AMBERJACK, GREATER"
US Total,"AMBERJACK, LESSER"
US Total,AMBERJACKS **
US Total,"ANCHOVY, NORTHERN"
US Total,BALLYHOO
US Total,"BARRACUDA, PACIFIC"
US Total,"BARRACUDAS, SPHYRAENIDAE (FAMILY) **"
US Total,BARRELFISH
US Total,"BASS, BLACK SEA"
US Total,"BASS, LONGTAIL"
US Total,"BASS, ROCK"
US Total,"BASS, ROCK SEA"
US Total,"BASS, STRIPED"
US Total,"BASS, WHITE"
US Total,"BASS, WHITE SEA"
US Total,BIGEYE
US Total,BLUEFISH
US Total,"BONITO, ATLANTIC"
US Total,"BONITO, PACIFIC"
US Total,BOWFIN
US Total,"BROTULA, BEARDED"
US Total,BUFFALOFISHES **
US Total,"BULLHEAD, BROWN"
US Total,BURBOT
US Total,"BUTTERCLAM, WASHINGTON"
US Total,CABEZON
US Total,"CARP, COMMON"
US Total,"CARP, GRASS"
US Total,"CATFISH, BLUE"
US Total,"CATFISH, CHANNEL"
US Total,"CATFISH, FLATHEAD"
US Total,"CATFISHES-BULLHEADS, OTHER **"
US Total,"CATFISHES, BULLHEAD **"
US Total,"CATFISHES, FORKTAIL **"
US Total,"CATFISHES, SEA **"
US Total,CHUBS **
US Total,"CLAM, ARK, BLOOD"
US Total,"CLAM, CALIFORNIA JACKKNIFE"
US Total,"CLAM, MANILA"
US Total,"CLAM, PACIFIC GEODUCK"
US Total,"CLAM, PACIFIC LITTLENECK"
US Total,"CLAM, PACIFIC RAZOR"
US Total,"CLAM, PACIFIC, GAPER **"
US Total,"CLAM, QUAHOG, OCEAN"
US Total,"CLAM, RAZOR, ATLANTIC"
US Total,"CLAM, SOFT"
US Total,"CLAM, SURF, ATLANTIC"
US Total,CLAMS **
US Total,"CLAMS, QUAHOG, MERCENARIA **"
US Total,COBIA
US Total,"COCKLE, NUTTALL"
US Total,"COD, ATLANTIC"
US Total,"COD, PACIFIC"
US Total,"CONCHS, TRUE **"
US Total,"CRAB, ATLANTIC ROCK"
US Total,"CRAB, BLUE"
US Total,"CRAB, DUNGENESS"
US Total,"CRAB, FLORIDA STONE"
US Total,"CRAB, GOLDEN DEEPSEA"
US Total,"CRAB, GREEN"
US Total,"CRAB, HORSESHOE"
US Total,"CRAB, JONAH"
US Total,"CRAB, KING **"
US Total,"CRAB, RED DEEPSEA"
US Total,"CRAB, RED ROCK"
US Total,"CRAB, SNOW"
US Total,"CRAB, SNOW/TANNER **"
US Total,"CRAB, SOUTHERN TANNER"
US Total,"CRABS, DECAPODA (ORDER) **"
US Total,CRAPPIES **
US Total,"CRAYFISHES, FRESHWATER **"
US Total,CREOLE-FISH
US Total,"CROAKER, ATLANTIC"
US Total,"CROAKER, PACIFIC WHITE"
US Total,CRUSTACEANS **
US Total,"CUCUMBERS, SEA **"
US Total,CUNNER
US Total,CUSK
US Total,"CUTLASSFISH, ATLANTIC"
US Total,DEALFISH
US Total,DOLPHINFISH **
US Total,"DORY, BUCKLER"
US Total,"DRIFTFISH, BLACK"
US Total,"DRUM, BLACK"
US Total,"DRUM, FRESHWATER"
US Total,"DRUM, RED"
US Total,DRUMS **
US Total,ECHINODERM **
US Total,"EEL, AMERICAN"
US Total,"EEL, CONGER"
US Total,EELS **
US Total,"EELS, SNAKE **"
US Total,ESCOLAR
US Total,FLATFISHES **
US Total,"FLOUNDER, AMERICAN PLAICE"
US Total,"FLOUNDER, ARROWTOOTH"
US Total,"FLOUNDER, PACIFIC, SANDDAB **"
US Total,"FLOUNDER, SOUTHERN"
US Total,"FLOUNDER, STARRY"
US Total,"FLOUNDER, SUMMER"
US Total,"FLOUNDER, WINTER"
US Total,"FLOUNDER, WITCH"
US Total,"FLOUNDER, YELLOWTAIL"
US Total,"FLOUNDER,PACIFIC,SANDDAB"
US Total,"FLOUNDERS, RIGHTEYE **"
US Total,FLYINGFISHES **
US Total,GARFISHES **
US Total,GOLDFISH
US Total,GOOSEFISH
US Total,GRAYSBY
US Total,"GREENLING, KELP"
US Total,GRENADIERS **
US Total,"GROUPER, BLACK"
US Total,"GROUPER, GAG"
US Total,"GROUPER, MARBLED"
US Total,"GROUPER, MISTY"
US Total,"GROUPER, RED"
US Total,"GROUPER, SNOWY"
US Total,"GROUPER, WARSAW"
US Total,"GROUPER, YELLOWEDGE"
US Total,"GROUPER, YELLOWFIN"
US Total,"GROUPERS, SERRANIDAE (FAMILY) **"
US Total,"GRUNT, WHITE"
US Total,"GRUNTS, HAEMULIDAE (FAMILY) **"
US Total,HADDOCK
US Total,HAGFISHES **
US Total,"HAKE, PACIFIC (WHITING)"
US Total,"HAKE, RED"
US Total,"HAKE, SILVER"
US Total,"HAKE, WHITE"
US Total,"HAKES, RED AND WHITE **"
US Total,"HALIBUT, ATLANTIC"
US Total,"HALIBUT, CALIFORNIA"
US Total,"HALIBUT, GREENLAND"
US Total,"HALIBUT, PACIFIC"
US Total,"HARVESTFISH, NORTHERN"
US Total,HARVESTFISHES **
US Total,"HERRING, ATLANTIC"
US Total,"HERRING, ATLANTIC THREAD"
US Total,"HERRING, BLUEBACK"
US Total,"HERRING, LAKE OR CISCO"
US Total,"HERRING, PACIFIC"
US Total,HERRINGS **
US Total,"HIND, RED"
US Total,"HIND, ROCK"
US Total,"HIND, SPECKLED"
US Total,HOGFISH
US Total,JACK MACKEREL
US Total,"JACK, ALMACO"
US Total,"JACK, BAR"
US Total,"JACK, BLACK"
US Total,"JACK, CREVALLE"
US Total,"JACK, HORSE-EYE"
US Total,"JACK, YELLOWTAIL"
US Total,JACKS **
US Total,KINGFISHES **
US Total,LADYFISH
US Total,"LANCE, AMERICAN SAND"
US Total,LINGCOD
US Total,"LOBSTER, AMERICAN"
US Total,"LOBSTER, BANDED SPINY"
US Total,"LOBSTER, CALIFORNIA SPINY"
US Total,"LOBSTER, CARIBBEAN SPINY"
US Total,"LOBSTERS, SLIPPER **"
US Total,LOOKDOWN
US Total,LUMPFISH
US Total,"MACKEREL, ATKA"
US Total,"MACKEREL, ATLANTIC"
US Total,"MACKEREL, CHUB"
US Total,"MACKEREL, FRIGATE"
US Total,"MACKEREL, KING"
US Total,"MACKEREL, KING AND CERO **"
US Total,"MACKEREL, SPANISH"
US Total,MARGATE
US Total,MENHADENS **
US Total,MINNOWS **
US Total,MOJARRAS **
US Total,MOLLUSKS **
US Total,"MOONFISH, ATLANTIC"
US Total,"MULLET, STRIPED"
US Total,"MULLET, WHITE"
US Total,MULLETS **
US Total,"MUSSEL, CALIFORNIA"
US Total,"MUSSEL, SEA"
US Total,"NEEDLEFISH, ATLANTIC"
US Total,OCTOPUSES **
US Total,OILFISH
US Total,OPAH
US Total,"OYSTER, EASTERN"
US Total,"OYSTER, EDIBLE"
US Total,"OYSTER, OLYMPIA"
US Total,"OYSTER, PACIFIC"
US Total,PARROTFISHES **
US Total,"PERCH, SAND"
US Total,"PERCH, WHITE"
US Total,"PERCH, YELLOW"
US Total,"PERIWINKLES, ATLANTIC **"
US Total,PERMIT
US Total,PIGFISH
US Total,PINFISH
US Total,"PINFISH, SPOTTAIL"
US Total,POLLOCK
US Total,"POLLOCK, WALLEYE "
US Total,"POLYCHAETE, BLOODWORMS"
US Total,"POLYCHAETE, SANDWORMS **"
US Total,POMFRETS **
US Total,"POMPANO, AFRICAN"
US Total,"POMPANO, FLORIDA"
US Total,PORGIES **
US Total,"PORGY, JOLTHEAD"
US Total,"PORGY, KNOBBED"
US Total,"PORGY, RED"
US Total,"PORGY, WHITEBONE"
US Total,"POUT, OCEAN"
US Total,"PRICKLEBACK, MONKEYFACE"
US Total,"PUFFER, NORTHERN"
US Total,"PUFFERS, SPHOEROIDES (GENUS) **"
US Total,QUEENFISH
US Total,QUILLBACK
US Total,"RAVEN, SEA"
US Total,RAYS **
US Total,"REDFISH, ACADIAN"
US Total,REPTILES
US Total,"ROCKFISH, AURORA"
US Total,"ROCKFISH, BANK"
US Total,"ROCKFISH, BLACK"
US Total,"ROCKFISH, BLACK-AND-YELLOW"
US Total,"ROCKFISH, BLACKGILL"
US Total,"ROCKFISH, BLUE"
US Total,"ROCKFISH, BOCACCIO"
US Total,"ROCKFISH, BRONZESPOTTED"
US Total,"ROCKFISH, BROWN"
US Total,"ROCKFISH, CANARY"
US Total,"ROCKFISH, CHILIPEPPER"
US Total,"ROCKFISH, CHINA"
US Total,"ROCKFISH, COPPER"
US Total,"ROCKFISH, COWCOD"
US Total,"ROCKFISH, DARKBLOTCHED"
US Total,"ROCKFISH, FLAG"
US Total,"ROCKFISH, GOPHER"
US Total,"ROCKFISH, GRASS"
US Total,"ROCKFISH, GREENBLOTCHED"
US Total,"ROCKFISH, GREENSPOTTED"
US Total,"ROCKFISH, GREENSTRIPED"
US Total,"ROCKFISH, KELP"
US Total,"ROCKFISH, OLIVE"
US Total,"ROCKFISH, PACIFIC OCEAN PERCH"
US Total,"ROCKFISH, REDBANDED"
US Total,"ROCKFISH, ROSY"
US Total,"ROCKFISH, SHORTBELLY"
US Total,"ROCKFISH, SPECKLED"
US Total,"ROCKFISH, SPLITNOSE"
US Total,"ROCKFISH, STARRY"
US Total,"ROCKFISH, TREEFISH"
US Total,"ROCKFISH, VERMILION"
US Total,"ROCKFISH, WIDOW"
US Total,"ROCKFISH, YELLOWEYE"
US Total,"ROCKFISH, YELLOWTAIL"
US Total,ROCKFISHES **
US Total,"ROSEFISH, BLACKBELLY"
US Total,"ROUGHY, BIG"
US Total,RUDDERFISH **
US Total,"RUDDERFISH, BANDED"
US Total,"RUNNER, BLUE"
US Total,"RUNNER, RAINBOW"
US Total,SABLEFISH
US Total,"SALMON, CHINOOK"
US Total,"SALMON, CHUM"
US Total,"SALMON, COHO"
US Total,"SALMON, PACIFIC **"
US Total,"SALMON, PINK"
US Total,"SALMON, SOCKEYE"
US Total,"SARDINE, PACIFIC"
US Total,"SARDINE, SPANISH"
US Total,"SCAD, BIGEYE"
US Total,SCADS **
US Total,"SCALLOP, ATLANTIC CALICO"
US Total,"SCALLOP, BAY"
US Total,"SCALLOP, SEA"
US Total,"SCALLOP, WEATHERVANE"
US Total,SCALLOPS **
US Total,SCAMP
US Total,SCHOOLMASTER
US Total,"SCORPIONFISH, SPINYCHEEK"
US Total,"SCORPIONFISH, SPOTTED"
US Total,SCORPIONFISHES **
US Total,SCULPINS **
US Total,"SEA BASS, GIANT"
US Total,SEAROBINS **
US Total,"SEATROUT, SAND"
US Total,"SEATROUT, SPOTTED"
US Total,SEAWEED
US Total,"SEAWEED, KELP **"
US Total,"SEAWEED, ROCKWEED"
US Total,"SHAD, AMERICAN"
US Total,"SHAD, GIZZARD"
US Total,"SHAD, HICKORY"
US Total,"SHARK, ANGEL, ATLANTIC"
US Total,"SHARK, BLACKNOSE"
US Total,"SHARK, BLACKTIP"
US Total,"SHARK, BLUE"
US Total,"SHARK, BULL"
US Total,"SHARK, DOGFISH, SMOOTH"
US Total,"SHARK, DOGFISH, SPINY"
US Total,"SHARK, DUSKY"
US Total,"SHARK, FINETOOTH"
US Total,"SHARK, LEMON"
US Total,"SHARK, LEOPARD"
US Total,"SHARK, MAKO, LONGFIN"
US Total,"SHARK, MAKO, SHORTFIN"
US Total,"SHARK, NURSE"
US Total,"SHARK, PACIFIC ANGEL"
US Total,"SHARK, PORBEAGLE"
US Total,"SHARK, SAND TIGER"
US Total,"SHARK, SANDBAR"
US Total,"SHARK, SHARPNOSE, ATLANTIC"
US Total,"SHARK, SILKY"
US Total,"SHARK, SPINNER"
US Total,"SHARK, THRESHER"
US Total,"SHARK, THRESHER, BIGEYE"
US Total,"SHARK, TIGER"
US Total,"SHARK, TOPE"
US Total,SHARKS **
US Total,"SHARKS, CHONDRICHTHYES (CLASS) **"
US Total,"SHARKS, DOGFISH **"
US Total,"SHARKS, HAMMERHEAD **"
US Total,"SHARKS, MAKO **"
US Total,"SHEEPHEAD, CALIFORNIA"
US Total,SHEEPSHEAD
US Total,"SHRIMP, ATLANIC SEABOB"
US Total,"SHRIMP, BLUE MUD"
US Total,"SHRIMP, BRINE"
US Total,"SHRIMP, FW **"
US Total,"SHRIMP, GHOST **"
US Total,"SHRIMP, MARINE **"
US Total,"SHRIMP, NORTHERN BROWN"
US Total,"SHRIMP, NORTHERN PINK"
US Total,"SHRIMP, NORTHERN WHITE"
US Total,"SHRIMP, OCEAN"
US Total,"SHRIMP, PACIFIC ROCK"
US Total,"SHRIMP, ROUGHNECK **"
US Total,"SHRIMP, ROYAL RED"
US Total,"SHRIMP, SPOT"
US Total,"SHRIMPS, MANTIS **"
US Total,"SHRIMPS, PENAEID **"
US Total,"SHRIMPS, PENAEOID **"
US Total,"SHRIMPS, ROCK **"
US Total,"SILVERSIDES, ATHERINIDAE (FAMILY) **"
US Total,"SKATES, RAJIDAE (FAMILY) **"
US Total,SKIPPERS **
US Total,"SMELT, EULACHON"
US Total,"SMELT, RAINBOW"
US Total,SMELTS **
US Total,"SNAPPER, BLACK"
US Total,"SNAPPER, BLACKFIN"
US Total,"SNAPPER, CARIBBEAN RED"
US Total,"SNAPPER, CUBERA"
US Total,"SNAPPER, DOG"
US Total,"SNAPPER, GRAY"
US Total,"SNAPPER, LANE"
US Total,"SNAPPER, MUTTON"
US Total,"SNAPPER, QUEEN"
US Total,"SNAPPER, RED"
US Total,"SNAPPER, SILK"
US Total,"SNAPPER, VERMILION"
US Total,"SNAPPER, YELLOWTAIL"
US Total,"SNAPPERS, LUTJANIDAE (FAMILY) **"
US Total,"SOLE, BUTTER"
US Total,"SOLE, CURLFIN"
US Total,"SOLE, DOVER"
US Total,"SOLE, ENGLISH"
US Total,"SOLE, FLATHEAD"
US Total,"SOLE, PETRALE"
US Total,"SOLE, REX"
US Total,"SOLE, ROCK"
US Total,"SOLE, SAND"
US Total,"SOLE, YELLOWFIN"
US Total,SPADEFISH
US Total,SPEARFISHES **
US Total,"SPONGE, GRASS"
US Total,"SPONGE, SHEEPSWOOL"
US Total,"SPONGE, YELLOW"
US Total,SPONGES **
US Total,SPOT
US Total,"SQUID, CALIFORNIA MARKET"
US Total,"SQUID, LONGFIN LOLIGO"
US Total,"SQUID, SHORTFIN ILLEX"
US Total,"SQUIDS, LOLIGINIDAE **"
US Total,SQUIRRELFISHES **
US Total,"STARS, OTHER SEA **"
US Total,"STURGEON, GREEN"
US Total,"STURGEON, WHITE"
US Total,STURGEONS **
US Total,SUCKERS **
US Total,SUNFISHES **
US Total,SURFPERCHES **
US Total,SWORDFISH
US Total,TARPON
US Total,TAUTOG
US Total,"TERRAPIN, DIAMONDBACK"
US Total,"THORNYHEAD, SHORTSPINE"
US Total,TILAPIAS **
US Total,"TILEFISH, BLUELINE"
US Total,"TILEFISH, GOLDEN"
US Total,"TILEFISH, GOLDFACE"
US Total,"TILEFISH, SAND"
US Total,TILEFISHES **
US Total,"TOADFISHES, BATRACHOIDIDAE (FAMILY) **"
US Total,"TRIGGERFISH, GRAY"
US Total,TRIGGERFISHES **
US Total,TRIPLETAIL
US Total,"TROUT, LAKE"
US Total,"TROUT, RAINBOW"
US Total,"TUNA, ALBACORE"
US Total,"TUNA, BIGEYE"
US Total,"TUNA, BLACKFIN"
US Total,"TUNA, BLUEFIN"
US Total,"TUNA, BLUEFIN PACIFIC"
US Total,"TUNA, LITTLE TUNNY"
US Total,"TUNA, SKIPJACK"
US Total,"TUNA, YELLOWFIN"
US Total,TUNAS **
US Total,"TURTLE, SLIDERS **"
US Total,"TURTLE, SOFT-SHELL **"
US Total,"TURTLES, SNAPPING"
US Total,"URCHINS, SEA, STRONGYLOCENTROTUS (GENUS) **"
US Total,"VERTEBRATES, JAWED"
US Total,WAHOO
US Total,WALLEYE
US Total,WEAKFISH
US Total,WENCHMAN
US Total,"WHITEFISH, LAKE"
US Total,"WHITEFISH, ROUND"
US Total,WINDOWPANE
US Total,WOLF-EEL
US Total,"WOLFFISH, ATLANTIC"
